matricula,questao,tipo,exercicio
107076E4,1,2,148
107076E4,1,2,101
107076E4,1,2,146
107076E4,1,2,100
107076E4,1,2,144
107076E4,1,2,140
107076E4,1,2,103
107076E4,1,2,109
107076E4,1,2,88
107076E4,1,2,145
107076E4,1,2,104
107076E4,1,2,142
107076E4,1,2,108
107076E4,1,2,107
107076E4,1,2,143
107076E4,1,2,141
10E8A59E,2,2,98
10E8A59E,2,2,123
10E8A59E,2,2,88
10E8A59E,2,2,143
10E8A59E,2,2,114
10E8A59E,2,2,142
10E8A59E,2,2,158
10E8A59E,2,2,100
10E8A59E,2,2,108
10E8A59E,2,2,97
10E8A59E,2,2,145
10E8A59E,2,2,96
10E8A59E,2,2,140
10E8A59E,2,2,126
10E8A59E,2,2,94
10E8A59E,2,2,92
10E8A59E,2,2,86
10E8A59E,2,2,87
10E8A59E,2,2,90
10E8A59E,2,2,103
10E8A59E,2,2,101
10E8A59E,2,2,118
10E8A59E,2,2,121
10E8A59E,2,2,137
10E8A59E,2,2,155
10E8A59E,2,2,109
10E8A59E,2,2,149
10E8A59E,2,2,99
10E8A59E,2,2,148
10E8A59E,2,2,124
10E8A59E,2,2,111
10E8A59E,2,2,129
10E8A59E,2,2,132
10E8A59E,2,2,150
10E8A59E,2,2,144
10E8A59E,2,2,160
10E8A59E,2,2,91
1397BFB0,2,2,149
1397BFB0,2,2,143
1397BFB0,2,2,133
1397BFB0,2,2,126
1397BFB0,2,2,95
1397BFB0,2,2,88
1397BFB0,2,2,150
1397BFB0,2,2,146
1397BFB0,2,2,93
1397BFB0,2,2,94
1397BFB0,2,2,141
1397BFB0,2,2,151
1397BFB0,2,2,111
1397BFB0,2,2,125
1397BFB0,2,2,120
1397BFB0,2,2,104
1397BFB0,2,2,148
1397BFB0,2,2,87
1397BFB0,2,2,123
1397BFB0,2,2,160
1397BFB0,2,2,140
1397BFB0,2,2,105
1397BFB0,2,2,106
1397BFB0,2,2,145
1397BFB0,2,2,100
1397BFB0,2,2,115
1397BFB0,2,2,157
1397BFB0,2,2,113
1397BFB0,2,2,131
1397BFB0,2,2,147
1397BFB0,2,2,132
1397BFB0,2,2,97
1397BFB0,2,2,134
1397BFB0,2,2,156
1397BFB0,2,2,153
1397BFB0,2,2,129
1397BFB0,2,2,155
1397BFB0,2,2,158
1397BFB0,2,2,136
1397BFB0,2,2,124
1397BFB0,2,2,137
1397BFB0,2,2,139
1397BFB0,2,2,144
1397BFB0,2,2,99
1397BFB0,2,2,114
1397BFB0,2,2,118
1397BFB0,2,2,89
1397BFB0,2,2,102
1397BFB0,2,2,92
1397BFB0,2,2,109
1397BFB0,2,2,152
1397BFB0,2,2,90
1397BFB0,2,2,110
1397BFB0,2,2,130
1397BFB0,2,2,135
1397BFB0,2,2,86
1397BFB0,2,2,117
1397BFB0,2,2,154
1397BFB0,2,2,101
1397BFB0,2,2,108
1397BFB0,2,2,142
1397BFB0,2,2,91
1397BFB0,2,2,112
1397BFB0,2,2,116
1397BFB0,2,2,107
1397BFB0,2,2,103
1397BFB0,2,2,98
1397BFB0,2,2,119
1397BFB0,3,2,149
1397BFB0,3,2,143
1397BFB0,3,2,133
1397BFB0,3,2,126
1397BFB0,3,2,95
1397BFB0,3,2,88
1397BFB0,3,2,150
1397BFB0,3,2,146
1397BFB0,3,2,93
1397BFB0,3,2,94
1397BFB0,3,2,141
1397BFB0,3,2,151
1397BFB0,3,2,111
1397BFB0,3,2,125
1397BFB0,3,2,120
1397BFB0,3,2,104
1397BFB0,3,2,148
1397BFB0,3,2,87
1397BFB0,3,2,123
1397BFB0,3,2,160
1397BFB0,3,2,140
1397BFB0,3,2,105
1397BFB0,3,2,106
1397BFB0,3,2,145
1397BFB0,3,2,100
1397BFB0,3,2,115
1397BFB0,3,2,157
1397BFB0,3,2,113
1397BFB0,3,2,131
1397BFB0,3,2,147
1397BFB0,3,2,132
1397BFB0,3,2,97
1397BFB0,3,2,134
1397BFB0,3,2,156
1397BFB0,3,2,153
1397BFB0,3,2,129
1397BFB0,3,2,155
1397BFB0,3,2,158
1397BFB0,3,2,136
1397BFB0,3,2,124
1397BFB0,3,2,137
1397BFB0,3,2,139
1397BFB0,3,2,144
1397BFB0,3,2,99
1397BFB0,3,2,114
1397BFB0,3,2,118
1397BFB0,3,2,89
1397BFB0,3,2,102
1397BFB0,3,2,92
1397BFB0,3,2,109
1397BFB0,3,2,152
1397BFB0,3,2,90
1397BFB0,3,2,110
1397BFB0,3,2,130
1397BFB0,3,2,135
1397BFB0,3,2,86
1397BFB0,3,2,117
1397BFB0,3,2,154
1397BFB0,3,2,101
1397BFB0,3,2,108
1397BFB0,3,2,142
1397BFB0,3,2,91
1397BFB0,3,2,112
1397BFB0,3,2,116
1397BFB0,3,2,107
1397BFB0,3,2,103
1397BFB0,3,2,98
1397BFB0,3,2,119
1397BFB0,4,2,149
1397BFB0,4,2,143
1397BFB0,4,2,133
1397BFB0,4,2,126
1397BFB0,4,2,95
1397BFB0,4,2,88
1397BFB0,4,2,150
1397BFB0,4,2,146
1397BFB0,4,2,93
1397BFB0,4,2,94
1397BFB0,4,2,141
1397BFB0,4,2,151
1397BFB0,4,2,111
1397BFB0,4,2,125
1397BFB0,4,2,120
1397BFB0,4,2,104
1397BFB0,4,2,148
1397BFB0,4,2,87
1397BFB0,4,2,123
1397BFB0,4,2,160
1397BFB0,4,2,140
1397BFB0,4,2,105
1397BFB0,4,2,106
1397BFB0,4,2,145
1397BFB0,4,2,100
1397BFB0,4,2,115
1397BFB0,4,2,157
1397BFB0,4,2,113
1397BFB0,4,2,131
1397BFB0,4,2,147
1397BFB0,4,2,132
1397BFB0,4,2,97
1397BFB0,4,2,134
1397BFB0,4,2,156
1397BFB0,4,2,153
1397BFB0,4,2,129
1397BFB0,4,2,155
1397BFB0,4,2,158
1397BFB0,4,2,136
1397BFB0,4,2,124
1397BFB0,4,2,137
1397BFB0,4,2,139
1397BFB0,4,2,144
1397BFB0,4,2,99
1397BFB0,4,2,114
1397BFB0,4,2,118
1397BFB0,4,2,89
1397BFB0,4,2,102
1397BFB0,4,2,92
1397BFB0,4,2,109
1397BFB0,4,2,152
1397BFB0,4,2,90
1397BFB0,4,2,110
1397BFB0,4,2,130
1397BFB0,4,2,135
1397BFB0,4,2,86
1397BFB0,4,2,117
1397BFB0,4,2,154
1397BFB0,4,2,101
1397BFB0,4,2,108
1397BFB0,4,2,142
1397BFB0,4,2,91
1397BFB0,4,2,112
1397BFB0,4,2,116
1397BFB0,4,2,107
1397BFB0,4,2,103
1397BFB0,4,2,98
1397BFB0,4,2,119
14A1B78B,2,2,148
14A1B78B,2,2,133
14A1B78B,2,2,132
14A1B78B,2,2,97
14A1B78B,2,2,141
14A1B78B,2,2,143
14A1B78B,2,2,142
14A1B78B,2,2,156
14A1B78B,2,2,103
14A1B78B,2,2,107
14A1B78B,2,2,114
14A1B78B,2,2,140
14A1B78B,2,2,155
14A1B78B,2,2,108
14A1B78B,2,2,100
14A1B78B,2,2,106
14A1B78B,2,2,150
14A1B78B,2,2,94
14A1B78B,2,2,104
14A1B78B,2,2,110
14A1B78B,2,2,144
14A1B78B,2,2,101
14A1B78B,3,2,148
14A1B78B,3,2,133
14A1B78B,3,2,132
14A1B78B,3,2,97
14A1B78B,3,2,141
14A1B78B,3,2,143
14A1B78B,3,2,142
14A1B78B,3,2,156
14A1B78B,3,2,103
14A1B78B,3,2,107
14A1B78B,3,2,114
14A1B78B,3,2,140
14A1B78B,3,2,155
14A1B78B,3,2,108
14A1B78B,3,2,100
14A1B78B,3,2,106
14A1B78B,3,2,150
14A1B78B,3,2,94
14A1B78B,3,2,104
14A1B78B,3,2,110
14A1B78B,3,2,144
14A1B78B,3,2,101
15A3743B,1,2,110
15A3743B,1,2,154
15A3743B,1,2,143
15A3743B,1,2,119
15A3743B,1,2,97
15A3743B,1,2,141
15A3743B,1,2,101
15A3743B,1,2,150
15A3743B,1,2,86
15A3743B,1,2,129
15A3743B,1,2,104
15A3743B,1,2,89
15A3743B,1,2,103
15A3743B,1,2,107
15A3743B,1,2,88
15A3743B,1,2,131
15A3743B,1,2,91
15A3743B,1,2,118
15A3743B,1,2,117
15A3743B,1,2,140
15A3743B,1,2,149
15A3743B,1,2,142
15A3743B,1,2,148
15A3743B,1,2,132
15A3743B,1,2,144
15A3743B,1,2,146
15A3743B,1,2,92
15A3743B,1,2,135
15A3743B,1,2,102
15A3743B,1,2,151
15A3743B,1,2,99
15A3743B,1,2,136
15A3743B,1,2,116
15A3743B,1,2,134
15A3743B,1,2,98
15A3743B,1,2,153
15A3743B,1,2,100
15A3743B,1,2,145
15A3743B,1,2,111
15A3743B,1,2,87
15A3743B,1,2,108
15A3743B,1,2,114
15A3743B,1,2,158
19449717,2,2,94
19449717,2,2,87
19449717,2,2,126
19449717,2,2,133
19449717,2,2,101
19449717,2,2,123
19449717,2,2,149
19449717,2,2,146
19449717,2,2,129
19449717,2,2,132
19449717,2,2,119
19449717,2,2,112
19449717,2,2,151
19449717,2,2,143
19449717,2,2,97
19449717,2,2,103
19449717,2,2,135
19449717,2,2,155
19449717,2,2,152
19449717,2,2,106
19449717,2,2,114
19449717,2,2,110
19449717,2,2,145
19449717,2,2,113
19449717,2,2,88
19449717,2,2,108
19449717,2,2,121
19449717,2,2,100
19449717,2,2,111
19449717,2,2,107
19449717,2,2,142
19449717,2,2,150
19449717,2,2,140
19449717,2,2,105
19449717,2,2,158
19449717,2,2,91
19449717,4,2,94
19449717,4,2,87
19449717,4,2,126
19449717,4,2,133
19449717,4,2,101
19449717,4,2,123
19449717,4,2,149
19449717,4,2,146
19449717,4,2,129
19449717,4,2,132
19449717,4,2,119
19449717,4,2,112
19449717,4,2,151
19449717,4,2,143
19449717,4,2,97
19449717,4,2,103
19449717,4,2,135
19449717,4,2,155
19449717,4,2,152
19449717,4,2,106
19449717,4,2,114
19449717,4,2,110
19449717,4,2,145
19449717,4,2,113
19449717,4,2,88
19449717,4,2,108
19449717,4,2,121
19449717,4,2,100
19449717,4,2,111
19449717,4,2,107
19449717,4,2,142
19449717,4,2,150
19449717,4,2,140
19449717,4,2,105
19449717,4,2,158
19449717,4,2,91
1A25F6BF,1,2,91
1A25F6BF,1,2,144
1A25F6BF,1,2,157
1A25F6BF,1,2,140
1A25F6BF,1,2,145
1A25F6BF,1,2,143
1A25F6BF,1,2,151
1A25F6BF,1,2,158
1A25F6BF,1,2,155
1A25F6BF,1,2,148
1A25F6BF,1,2,111
1A25F6BF,1,2,87
1A25F6BF,1,2,142
1A25F6BF,1,2,101
1A25F6BF,1,2,114
1A25F6BF,1,2,97
1A25F6BF,1,2,100
1A25F6BF,1,2,149
1A25F6BF,1,2,154
1A25F6BF,1,2,123
1A25F6BF,1,2,103
1A25F6BF,1,2,88
1A25F6BF,1,2,156
1A25F6BF,1,2,150
1A25F6BF,2,2,91
1A25F6BF,2,2,144
1A25F6BF,2,2,157
1A25F6BF,2,2,140
1A25F6BF,2,2,145
1A25F6BF,2,2,143
1A25F6BF,2,2,151
1A25F6BF,2,2,158
1A25F6BF,2,2,155
1A25F6BF,2,2,148
1A25F6BF,2,2,111
1A25F6BF,2,2,87
1A25F6BF,2,2,142
1A25F6BF,2,2,101
1A25F6BF,2,2,114
1A25F6BF,2,2,97
1A25F6BF,2,2,100
1A25F6BF,2,2,149
1A25F6BF,2,2,154
1A25F6BF,2,2,123
1A25F6BF,2,2,103
1A25F6BF,2,2,88
1A25F6BF,2,2,156
1A25F6BF,2,2,150
1B81A33E,2,2,99
1B81A33E,2,2,90
1B81A33E,2,2,131
1B81A33E,2,2,98
1B81A33E,2,2,92
1B81A33E,2,2,142
1B81A33E,2,2,132
1B81A33E,2,2,105
1B81A33E,2,2,118
1B81A33E,2,2,134
1B81A33E,2,2,126
1B81A33E,2,2,144
1B81A33E,2,2,153
1B81A33E,2,2,143
1B81A33E,2,2,151
1B81A33E,2,2,156
1B81A33E,2,2,146
1B81A33E,2,2,121
1B81A33E,2,2,130
1B81A33E,2,2,133
1B81A33E,2,2,96
1B81A33E,2,2,114
1B81A33E,2,2,108
1B81A33E,2,2,139
1B81A33E,2,2,127
1B81A33E,2,2,100
1B81A33E,2,2,102
1B81A33E,2,2,104
1B81A33E,2,2,112
1B81A33E,2,2,87
1B81A33E,2,2,94
1B81A33E,2,2,103
1B81A33E,2,2,141
1B81A33E,2,2,120
1B81A33E,2,2,145
1B81A33E,2,2,136
1B81A33E,2,2,110
1B81A33E,2,2,107
1B81A33E,2,2,101
1B81A33E,2,2,88
1B81A33E,2,2,97
1B81A33E,2,2,91
1B81A33E,2,2,89
1B81A33E,2,2,93
1B81A33E,2,2,86
1B81A33E,2,2,115
1B81A33E,2,2,148
1B81A33E,2,2,158
1B81A33E,2,2,123
1B81A33E,2,2,135
1B81A33E,2,2,125
1B81A33E,2,2,106
1B81A33E,2,2,116
1B81A33E,2,2,109
1B81A33E,2,2,150
1B81A33E,2,2,119
1B81A33E,2,2,117
1B81A33E,2,2,155
1B81A33E,2,2,152
1B81A33E,2,2,128
1B81A33E,2,2,129
1B81A33E,2,2,111
1B81A33E,2,2,147
1B81A33E,2,2,140
1B81A33E,4,2,99
1B81A33E,4,2,90
1B81A33E,4,2,131
1B81A33E,4,2,98
1B81A33E,4,2,92
1B81A33E,4,2,142
1B81A33E,4,2,132
1B81A33E,4,2,105
1B81A33E,4,2,118
1B81A33E,4,2,134
1B81A33E,4,2,126
1B81A33E,4,2,144
1B81A33E,4,2,153
1B81A33E,4,2,143
1B81A33E,4,2,151
1B81A33E,4,2,156
1B81A33E,4,2,146
1B81A33E,4,2,121
1B81A33E,4,2,130
1B81A33E,4,2,133
1B81A33E,4,2,96
1B81A33E,4,2,114
1B81A33E,4,2,108
1B81A33E,4,2,139
1B81A33E,4,2,127
1B81A33E,4,2,100
1B81A33E,4,2,102
1B81A33E,4,2,104
1B81A33E,4,2,112
1B81A33E,4,2,87
1B81A33E,4,2,94
1B81A33E,4,2,103
1B81A33E,4,2,141
1B81A33E,4,2,120
1B81A33E,4,2,145
1B81A33E,4,2,136
1B81A33E,4,2,110
1B81A33E,4,2,107
1B81A33E,4,2,101
1B81A33E,4,2,88
1B81A33E,4,2,97
1B81A33E,4,2,91
1B81A33E,4,2,89
1B81A33E,4,2,93
1B81A33E,4,2,86
1B81A33E,4,2,115
1B81A33E,4,2,148
1B81A33E,4,2,158
1B81A33E,4,2,123
1B81A33E,4,2,135
1B81A33E,4,2,125
1B81A33E,4,2,106
1B81A33E,4,2,116
1B81A33E,4,2,109
1B81A33E,4,2,150
1B81A33E,4,2,119
1B81A33E,4,2,117
1B81A33E,4,2,155
1B81A33E,4,2,152
1B81A33E,4,2,128
1B81A33E,4,2,129
1B81A33E,4,2,111
1B81A33E,4,2,147
1B81A33E,4,2,140
1C897F15,1,2,150
1C897F15,1,2,153
1C897F15,1,2,154
1C897F15,1,2,121
1C897F15,1,2,139
1C897F15,1,2,95
1C897F15,1,2,99
1C897F15,1,2,110
1C897F15,1,2,90
1C897F15,1,2,114
1C897F15,1,2,100
1C897F15,1,2,160
1C897F15,1,2,129
1C897F15,1,2,142
1C897F15,1,2,116
1C897F15,1,2,92
1C897F15,1,2,104
1C897F15,1,2,148
1C897F15,1,2,141
1C897F15,1,2,119
1C897F15,1,2,157
1C897F15,1,2,140
1C897F15,1,2,126
1C897F15,1,2,102
1C897F15,1,2,135
1C897F15,1,2,98
1C897F15,1,2,144
1C897F15,1,2,143
1C897F15,1,2,132
1C897F15,1,2,115
1C897F15,1,2,108
1C897F15,1,2,152
1C897F15,1,2,111
1C897F15,1,2,109
1C897F15,1,2,146
1C897F15,1,2,101
1C897F15,1,2,147
1C897F15,1,2,103
1C897F15,1,2,158
1C897F15,1,2,94
1C897F15,1,2,134
1C897F15,1,2,151
1C897F15,1,2,97
1C897F15,1,2,87
1C897F15,1,2,156
1C897F15,1,2,145
1C897F15,1,2,149
1C897F15,1,2,136
1C897F15,1,2,133
1C897F15,1,2,88
1C897F15,1,2,155
1DF2A12E,4,2,108
1DF2A12E,4,2,152
1DF2A12E,4,2,95
1DF2A12E,4,2,110
1DF2A12E,4,2,130
1DF2A12E,4,2,97
1DF2A12E,4,2,142
1DF2A12E,4,2,149
1DF2A12E,4,2,150
1DF2A12E,4,2,135
1DF2A12E,4,2,118
1DF2A12E,4,2,114
1DF2A12E,4,2,89
1DF2A12E,4,2,101
1DF2A12E,4,2,141
1DF2A12E,4,2,134
1DF2A12E,4,2,104
1DF2A12E,4,2,132
1DF2A12E,4,2,86
1DF2A12E,4,2,117
1DF2A12E,4,2,87
1DF2A12E,4,2,155
1DF2A12E,4,2,124
1DF2A12E,4,2,116
1DF2A12E,4,2,100
1DF2A12E,4,2,154
1DF2A12E,4,2,94
1DF2A12E,4,2,107
1DF2A12E,4,2,121
1DF2A12E,4,2,151
1DF2A12E,4,2,143
1DF2A12E,4,2,148
1DF2A12E,4,2,144
1DF2A12E,4,2,92
1DF2A12E,4,2,125
1DF2A12E,4,2,153
1DF2A12E,4,2,103
1DF2A12E,4,2,140
1DF2A12E,4,2,113
1DF2A12E,4,2,156
1DF2A12E,4,2,109
1DF2A12E,4,2,133
1DF2A12E,4,2,111
1DF2A12E,4,2,88
1DF2A12E,4,2,158
1DF2A12E,4,2,105
1DF2A12E,4,2,112
1DF2A12E,4,2,99
1DF2A12E,4,2,146
1DF2A12E,4,2,115
1DF2A12E,4,2,98
1DF2A12E,4,2,147
1DF2A12E,4,2,157
1DF2A12E,4,2,129
1DF2A12E,4,2,96
1DF2A12E,4,2,126
1DF2A12E,4,2,127
1DF2A12E,4,2,119
1DF2A12E,4,2,106
1DF2A12E,4,2,131
1DF2A12E,4,2,123
1DF2A12E,4,2,90
1DF2A12E,4,2,120
1DF2A12E,4,2,136
1DF2A12E,4,2,93
210B0D56,4,2,109
210B0D56,4,2,144
210B0D56,4,2,134
210B0D56,4,2,142
210B0D56,4,2,126
210B0D56,4,2,114
210B0D56,4,2,149
210B0D56,4,2,132
210B0D56,4,2,124
210B0D56,4,2,137
210B0D56,4,2,131
210B0D56,4,2,158
210B0D56,4,2,143
210B0D56,4,2,93
210B0D56,4,2,129
210B0D56,4,2,130
210B0D56,4,2,125
210B0D56,4,2,148
210B0D56,4,2,151
210B0D56,4,2,141
210B0D56,4,2,153
210B0D56,4,2,123
210B0D56,4,2,111
210B0D56,4,2,105
210B0D56,4,2,121
210B0D56,4,2,88
210B0D56,4,2,100
210B0D56,4,2,152
210B0D56,4,2,140
210B0D56,4,2,136
210B0D56,4,2,139
210B0D56,4,2,135
210B0D56,4,2,120
210B0D56,4,2,103
210B0D56,4,2,107
210B0D56,4,2,92
210B0D56,4,2,154
210B0D56,4,2,113
210B0D56,4,2,145
210B0D56,4,2,157
210B0D56,4,2,94
210B0D56,4,2,97
210B0D56,4,2,108
210B0D56,4,2,146
210B0D56,4,2,150
210B0D56,4,2,112
210B0D56,4,2,118
210B0D56,4,2,98
210B0D56,4,2,91
210B0D56,4,2,133
210B0D56,4,2,90
210B0D56,4,2,110
210B0D56,4,2,155
210B0D56,4,2,95
210B0D56,4,2,101
210B0D56,4,2,156
210B0D56,4,2,99
210B0D56,4,2,104
21604216,1,2,141
21604216,1,2,109
21604216,1,2,131
21604216,1,2,146
21604216,1,2,139
21604216,1,2,98
21604216,1,2,126
21604216,1,2,94
21604216,1,2,111
21604216,1,2,144
21604216,1,2,101
21604216,1,2,157
21604216,1,2,90
21604216,1,2,104
21604216,1,2,86
21604216,1,2,143
21604216,1,2,134
21604216,1,2,150
21604216,1,2,107
21604216,1,2,91
21604216,1,2,154
21604216,1,2,97
21604216,1,2,125
21604216,1,2,88
21604216,1,2,124
21604216,1,2,148
21604216,1,2,127
21604216,1,2,132
21604216,1,2,155
21604216,1,2,113
21604216,1,2,87
21604216,1,2,102
21604216,1,2,140
21604216,1,2,137
21604216,1,2,103
21604216,1,2,110
21604216,1,2,145
21604216,1,2,100
21604216,1,2,136
21604216,1,2,112
21604216,1,2,108
21604216,1,2,152
21604216,1,2,99
21604216,1,2,135
21604216,1,2,142
21604216,1,2,114
21604216,1,2,149
21604216,1,2,118
21604216,4,2,141
21604216,4,2,109
21604216,4,2,131
21604216,4,2,146
21604216,4,2,139
21604216,4,2,98
21604216,4,2,126
21604216,4,2,94
21604216,4,2,111
21604216,4,2,144
21604216,4,2,101
21604216,4,2,157
21604216,4,2,90
21604216,4,2,104
21604216,4,2,86
21604216,4,2,143
21604216,4,2,134
21604216,4,2,150
21604216,4,2,107
21604216,4,2,91
21604216,4,2,154
21604216,4,2,97
21604216,4,2,125
21604216,4,2,88
21604216,4,2,124
21604216,4,2,148
21604216,4,2,127
21604216,4,2,132
21604216,4,2,155
21604216,4,2,113
21604216,4,2,87
21604216,4,2,102
21604216,4,2,140
21604216,4,2,137
21604216,4,2,103
21604216,4,2,110
21604216,4,2,145
21604216,4,2,100
21604216,4,2,136
21604216,4,2,112
21604216,4,2,108
21604216,4,2,152
21604216,4,2,99
21604216,4,2,135
21604216,4,2,142
21604216,4,2,114
21604216,4,2,149
21604216,4,2,118
21C00083,1,2,98
21C00083,1,2,139
21C00083,1,2,102
21C00083,1,2,129
21C00083,1,2,156
21C00083,1,2,127
21C00083,1,2,148
21C00083,1,2,101
21C00083,1,2,152
21C00083,1,2,86
21C00083,1,2,149
21C00083,1,2,140
21C00083,1,2,121
21C00083,1,2,88
21C00083,1,2,87
21C00083,1,2,126
21C00083,1,2,100
21C00083,1,2,89
21C00083,1,2,158
21C00083,1,2,99
21C00083,1,2,132
21C00083,2,2,98
21C00083,2,2,139
21C00083,2,2,102
21C00083,2,2,129
21C00083,2,2,156
21C00083,2,2,127
21C00083,2,2,148
21C00083,2,2,101
21C00083,2,2,152
21C00083,2,2,86
21C00083,2,2,149
21C00083,2,2,140
21C00083,2,2,121
21C00083,2,2,88
21C00083,2,2,87
21C00083,2,2,126
21C00083,2,2,100
21C00083,2,2,89
21C00083,2,2,158
21C00083,2,2,99
21C00083,2,2,132
21C00083,3,2,98
21C00083,3,2,139
21C00083,3,2,102
21C00083,3,2,129
21C00083,3,2,156
21C00083,3,2,127
21C00083,3,2,148
21C00083,3,2,101
21C00083,3,2,152
21C00083,3,2,86
21C00083,3,2,149
21C00083,3,2,140
21C00083,3,2,121
21C00083,3,2,88
21C00083,3,2,87
21C00083,3,2,126
21C00083,3,2,100
21C00083,3,2,89
21C00083,3,2,158
21C00083,3,2,99
21C00083,3,2,132
21C00083,4,2,98
21C00083,4,2,139
21C00083,4,2,102
21C00083,4,2,129
21C00083,4,2,156
21C00083,4,2,127
21C00083,4,2,148
21C00083,4,2,101
21C00083,4,2,152
21C00083,4,2,86
21C00083,4,2,149
21C00083,4,2,140
21C00083,4,2,121
21C00083,4,2,88
21C00083,4,2,87
21C00083,4,2,126
21C00083,4,2,100
21C00083,4,2,89
21C00083,4,2,158
21C00083,4,2,99
21C00083,4,2,132
224511B3,1,2,127
224511B3,1,2,102
224511B3,1,2,129
224511B3,1,2,101
224511B3,1,2,108
224511B3,1,2,99
224511B3,1,2,98
224511B3,1,2,153
224511B3,1,2,156
224511B3,1,2,149
224511B3,1,2,152
224511B3,1,2,96
224511B3,1,2,158
224511B3,1,2,91
224511B3,1,2,111
224511B3,1,2,140
224511B3,1,2,88
224511B3,1,2,148
224511B3,1,2,126
224511B3,1,2,87
224511B3,1,2,157
224511B3,1,2,97
224511B3,1,2,100
224511B3,1,2,94
224511B3,1,2,89
224511B3,1,2,90
224511B3,1,2,112
224511B3,1,2,92
224511B3,2,2,127
224511B3,2,2,102
224511B3,2,2,129
224511B3,2,2,101
224511B3,2,2,108
224511B3,2,2,99
224511B3,2,2,98
224511B3,2,2,153
224511B3,2,2,156
224511B3,2,2,149
224511B3,2,2,152
224511B3,2,2,96
224511B3,2,2,158
224511B3,2,2,91
224511B3,2,2,111
224511B3,2,2,140
224511B3,2,2,88
224511B3,2,2,148
224511B3,2,2,126
224511B3,2,2,87
224511B3,2,2,157
224511B3,2,2,97
224511B3,2,2,100
224511B3,2,2,94
224511B3,2,2,89
224511B3,2,2,90
224511B3,2,2,112
224511B3,2,2,92
224511B3,3,2,127
224511B3,3,2,102
224511B3,3,2,129
224511B3,3,2,101
224511B3,3,2,108
224511B3,3,2,99
224511B3,3,2,98
224511B3,3,2,153
224511B3,3,2,156
224511B3,3,2,149
224511B3,3,2,152
224511B3,3,2,96
224511B3,3,2,158
224511B3,3,2,91
224511B3,3,2,111
224511B3,3,2,140
224511B3,3,2,88
224511B3,3,2,148
224511B3,3,2,126
224511B3,3,2,87
224511B3,3,2,157
224511B3,3,2,97
224511B3,3,2,100
224511B3,3,2,94
224511B3,3,2,89
224511B3,3,2,90
224511B3,3,2,112
224511B3,3,2,92
2556AF8C,1,2,98
2556AF8C,1,2,108
2556AF8C,1,2,92
2556AF8C,1,2,134
2556AF8C,1,2,131
2556AF8C,1,2,110
2556AF8C,1,2,103
2556AF8C,1,2,141
2556AF8C,1,2,140
2556AF8C,1,2,115
2556AF8C,1,2,94
2556AF8C,1,2,132
2556AF8C,1,2,158
2556AF8C,1,2,154
2556AF8C,1,2,111
2556AF8C,1,2,144
2556AF8C,1,2,142
2556AF8C,1,2,114
2556AF8C,1,2,143
2556AF8C,1,2,151
2556AF8C,1,2,150
2556AF8C,1,2,135
2556AF8C,1,2,129
2556AF8C,1,2,152
2556AF8C,1,2,146
2556AF8C,1,2,155
2556AF8C,1,2,107
2556AF8C,1,2,87
2556AF8C,1,2,97
2556AF8C,1,2,136
2556AF8C,1,2,133
2556AF8C,1,2,148
2556AF8C,1,2,153
2556AF8C,1,2,88
2556AF8C,1,2,118
25762941,2,2,150
25762941,2,2,105
25762941,2,2,116
25762941,2,2,133
25762941,2,2,107
25762941,2,2,134
25762941,2,2,157
25762941,2,2,139
25762941,2,2,92
25762941,2,2,127
25762941,2,2,131
25762941,2,2,121
25762941,2,2,94
25762941,2,2,117
25762941,2,2,148
25762941,2,2,110
25762941,2,2,115
25762941,2,2,101
25762941,2,2,142
25762941,2,2,136
25762941,2,2,118
25762941,2,2,100
25762941,2,2,146
25762941,2,2,132
25762941,2,2,140
25762941,2,2,156
25762941,2,2,153
25762941,2,2,114
25762941,2,2,155
25762941,2,2,87
25762941,2,2,90
25762941,2,2,108
25762941,2,2,151
25762941,2,2,112
25762941,2,2,111
25762941,2,2,145
25762941,2,2,135
25762941,2,2,96
25762941,2,2,103
25762941,2,2,126
25762941,2,2,154
25762941,2,2,93
25762941,2,2,129
25762941,2,2,143
25762941,2,2,119
25762941,2,2,149
25762941,2,2,152
25762941,2,2,95
25762941,2,2,109
25762941,2,2,123
25762941,2,2,104
25762941,2,2,91
25762941,2,2,144
25762941,2,2,99
25762941,2,2,141
25762941,2,2,113
25762941,2,2,102
25762941,4,2,150
25762941,4,2,105
25762941,4,2,116
25762941,4,2,133
25762941,4,2,107
25762941,4,2,134
25762941,4,2,157
25762941,4,2,139
25762941,4,2,92
25762941,4,2,127
25762941,4,2,131
25762941,4,2,121
25762941,4,2,94
25762941,4,2,117
25762941,4,2,148
25762941,4,2,110
25762941,4,2,115
25762941,4,2,101
25762941,4,2,142
25762941,4,2,136
25762941,4,2,118
25762941,4,2,100
25762941,4,2,146
25762941,4,2,132
25762941,4,2,140
25762941,4,2,156
25762941,4,2,153
25762941,4,2,114
25762941,4,2,155
25762941,4,2,87
25762941,4,2,90
25762941,4,2,108
25762941,4,2,151
25762941,4,2,112
25762941,4,2,111
25762941,4,2,145
25762941,4,2,135
25762941,4,2,96
25762941,4,2,103
25762941,4,2,126
25762941,4,2,154
25762941,4,2,93
25762941,4,2,129
25762941,4,2,143
25762941,4,2,119
25762941,4,2,149
25762941,4,2,152
25762941,4,2,95
25762941,4,2,109
25762941,4,2,123
25762941,4,2,104
25762941,4,2,91
25762941,4,2,144
25762941,4,2,99
25762941,4,2,141
25762941,4,2,113
25762941,4,2,102
258DFC4B,1,2,98
258DFC4B,1,2,123
258DFC4B,1,2,93
258DFC4B,1,2,102
258DFC4B,1,2,88
258DFC4B,1,2,158
258DFC4B,1,2,145
258DFC4B,1,2,100
258DFC4B,1,2,131
258DFC4B,1,2,134
258DFC4B,1,2,101
258DFC4B,1,2,139
258DFC4B,1,2,114
258DFC4B,1,2,150
258DFC4B,1,2,86
258DFC4B,1,2,133
258DFC4B,1,2,105
258DFC4B,1,2,91
258DFC4B,1,2,97
258DFC4B,1,2,132
258DFC4B,1,2,135
258DFC4B,1,2,96
258DFC4B,1,2,107
258DFC4B,1,2,130
258DFC4B,1,2,99
258DFC4B,1,2,127
258DFC4B,1,2,143
258DFC4B,1,2,119
258DFC4B,1,2,104
258DFC4B,1,2,94
258DFC4B,1,2,115
258DFC4B,1,2,129
258DFC4B,1,2,136
258DFC4B,1,2,111
258DFC4B,1,2,155
258DFC4B,1,2,92
258DFC4B,1,2,117
258DFC4B,1,2,126
258DFC4B,1,2,124
258DFC4B,1,2,103
258DFC4B,1,2,108
258DFC4B,1,2,110
258DFC4B,1,2,116
258DFC4B,1,2,118
258DFC4B,1,2,90
258DFC4B,1,2,109
258DFC4B,2,2,98
258DFC4B,2,2,123
258DFC4B,2,2,93
258DFC4B,2,2,102
258DFC4B,2,2,88
258DFC4B,2,2,158
258DFC4B,2,2,145
258DFC4B,2,2,100
258DFC4B,2,2,131
258DFC4B,2,2,134
258DFC4B,2,2,101
258DFC4B,2,2,139
258DFC4B,2,2,114
258DFC4B,2,2,150
258DFC4B,2,2,86
258DFC4B,2,2,133
258DFC4B,2,2,105
258DFC4B,2,2,91
258DFC4B,2,2,97
258DFC4B,2,2,132
258DFC4B,2,2,135
258DFC4B,2,2,96
258DFC4B,2,2,107
258DFC4B,2,2,130
258DFC4B,2,2,99
258DFC4B,2,2,127
258DFC4B,2,2,143
258DFC4B,2,2,119
258DFC4B,2,2,104
258DFC4B,2,2,94
258DFC4B,2,2,115
258DFC4B,2,2,129
258DFC4B,2,2,136
258DFC4B,2,2,111
258DFC4B,2,2,155
258DFC4B,2,2,92
258DFC4B,2,2,117
258DFC4B,2,2,126
258DFC4B,2,2,124
258DFC4B,2,2,103
258DFC4B,2,2,108
258DFC4B,2,2,110
258DFC4B,2,2,116
258DFC4B,2,2,118
258DFC4B,2,2,90
258DFC4B,2,2,109
258DFC4B,3,2,98
258DFC4B,3,2,123
258DFC4B,3,2,93
258DFC4B,3,2,102
258DFC4B,3,2,88
258DFC4B,3,2,158
258DFC4B,3,2,145
258DFC4B,3,2,100
258DFC4B,3,2,131
258DFC4B,3,2,134
258DFC4B,3,2,101
258DFC4B,3,2,139
258DFC4B,3,2,114
258DFC4B,3,2,150
258DFC4B,3,2,86
258DFC4B,3,2,133
258DFC4B,3,2,105
258DFC4B,3,2,91
258DFC4B,3,2,97
258DFC4B,3,2,132
258DFC4B,3,2,135
258DFC4B,3,2,96
258DFC4B,3,2,107
258DFC4B,3,2,130
258DFC4B,3,2,99
258DFC4B,3,2,127
258DFC4B,3,2,143
258DFC4B,3,2,119
258DFC4B,3,2,104
258DFC4B,3,2,94
258DFC4B,3,2,115
258DFC4B,3,2,129
258DFC4B,3,2,136
258DFC4B,3,2,111
258DFC4B,3,2,155
258DFC4B,3,2,92
258DFC4B,3,2,117
258DFC4B,3,2,126
258DFC4B,3,2,124
258DFC4B,3,2,103
258DFC4B,3,2,108
258DFC4B,3,2,110
258DFC4B,3,2,116
258DFC4B,3,2,118
258DFC4B,3,2,90
258DFC4B,3,2,109
267C1E34,1,2,89
267C1E34,1,2,135
267C1E34,1,2,153
267C1E34,1,2,87
267C1E34,1,2,148
267C1E34,1,2,146
267C1E34,1,2,131
267C1E34,1,2,151
267C1E34,1,2,108
267C1E34,1,2,139
267C1E34,1,2,126
267C1E34,1,2,150
267C1E34,1,2,134
267C1E34,1,2,157
267C1E34,1,2,152
267C1E34,1,2,114
267C1E34,1,2,154
267C1E34,1,2,140
267C1E34,1,2,155
267C1E34,1,2,90
267C1E34,1,2,123
267C1E34,1,2,118
267C1E34,1,2,137
267C1E34,1,2,149
267C1E34,1,2,107
267C1E34,1,2,86
267C1E34,1,2,156
267C1E34,1,2,143
267C1E34,1,2,101
267C1E34,1,2,119
267C1E34,1,2,111
267C1E34,1,2,96
267C1E34,1,2,97
267C1E34,1,2,142
267C1E34,1,2,141
267C1E34,1,2,98
267C1E34,1,2,103
267C1E34,1,2,145
267C1E34,1,2,92
267C1E34,1,2,105
267C1E34,1,2,95
267C1E34,1,2,144
267C1E34,1,2,94
267C1E34,1,2,93
267C1E34,1,2,158
267C1E34,1,2,100
267C1E34,1,2,104
267C1E34,4,2,89
267C1E34,4,2,135
267C1E34,4,2,153
267C1E34,4,2,87
267C1E34,4,2,148
267C1E34,4,2,146
267C1E34,4,2,131
267C1E34,4,2,151
267C1E34,4,2,108
267C1E34,4,2,139
267C1E34,4,2,126
267C1E34,4,2,150
267C1E34,4,2,134
267C1E34,4,2,157
267C1E34,4,2,152
267C1E34,4,2,114
267C1E34,4,2,154
267C1E34,4,2,140
267C1E34,4,2,155
267C1E34,4,2,90
267C1E34,4,2,123
267C1E34,4,2,118
267C1E34,4,2,137
267C1E34,4,2,149
267C1E34,4,2,107
267C1E34,4,2,86
267C1E34,4,2,156
267C1E34,4,2,143
267C1E34,4,2,101
267C1E34,4,2,119
267C1E34,4,2,111
267C1E34,4,2,96
267C1E34,4,2,97
267C1E34,4,2,142
267C1E34,4,2,141
267C1E34,4,2,98
267C1E34,4,2,103
267C1E34,4,2,145
267C1E34,4,2,92
267C1E34,4,2,105
267C1E34,4,2,95
267C1E34,4,2,144
267C1E34,4,2,94
267C1E34,4,2,93
267C1E34,4,2,158
267C1E34,4,2,100
267C1E34,4,2,104
26EA2FA,1,2,132
26EA2FA,1,2,146
26EA2FA,1,2,152
26EA2FA,1,2,133
26EA2FA,1,2,129
26EA2FA,1,2,149
26EA2FA,1,2,103
26EA2FA,1,2,136
26EA2FA,1,2,98
26EA2FA,1,2,101
26EA2FA,1,2,100
26EA2FA,1,2,148
26EA2FA,1,2,134
26EA2FA,1,2,97
26EA2FA,1,2,88
26EA2FA,2,2,132
26EA2FA,2,2,146
26EA2FA,2,2,152
26EA2FA,2,2,133
26EA2FA,2,2,129
26EA2FA,2,2,149
26EA2FA,2,2,103
26EA2FA,2,2,136
26EA2FA,2,2,98
26EA2FA,2,2,101
26EA2FA,2,2,100
26EA2FA,2,2,148
26EA2FA,2,2,134
26EA2FA,2,2,97
26EA2FA,2,2,88
2777E5EE,1,2,142
2777E5EE,1,2,126
2777E5EE,1,2,145
2777E5EE,1,2,119
2777E5EE,1,2,110
2777E5EE,1,2,114
2777E5EE,1,2,100
2777E5EE,1,2,149
2777E5EE,1,2,103
2777E5EE,1,2,154
2777E5EE,1,2,88
2777E5EE,1,2,108
2777E5EE,1,2,140
2777E5EE,1,2,136
2777E5EE,1,2,153
2777E5EE,1,2,137
2777E5EE,1,2,133
2777E5EE,1,2,101
2777E5EE,1,2,111
2777E5EE,1,2,87
2777E5EE,1,2,157
2777E5EE,1,2,141
2777E5EE,1,2,143
2777E5EE,1,2,144
2777E5EE,1,2,132
2777E5EE,1,2,129
2777E5EE,1,2,106
2777E5EE,1,2,150
2777E5EE,1,2,151
2777E5EE,1,2,134
281286BC,1,2,96
281286BC,1,2,135
281286BC,1,2,119
281286BC,1,2,140
281286BC,1,2,134
281286BC,1,2,127
281286BC,1,2,100
281286BC,1,2,115
281286BC,1,2,90
281286BC,1,2,106
281286BC,1,2,158
281286BC,1,2,87
281286BC,1,2,103
281286BC,1,2,92
281286BC,1,2,94
281286BC,1,2,107
281286BC,1,2,141
281286BC,1,2,109
281286BC,1,2,95
281286BC,1,2,126
281286BC,1,2,117
281286BC,1,2,111
281286BC,1,2,129
281286BC,1,2,145
281286BC,1,2,97
281286BC,1,2,110
281286BC,1,2,146
281286BC,1,2,122
281286BC,1,2,155
281286BC,1,2,132
281286BC,1,2,121
281286BC,1,2,118
281286BC,1,2,148
281286BC,1,2,152
281286BC,1,2,150
281286BC,1,2,89
281286BC,1,2,101
281286BC,1,2,124
281286BC,1,2,88
281286BC,1,2,136
281286BC,1,2,91
281286BC,1,2,133
281286BC,1,2,156
281286BC,1,2,143
281286BC,1,2,130
281286BC,1,2,116
281286BC,1,2,123
281286BC,1,2,157
281286BC,1,2,86
281286BC,1,2,147
281286BC,1,2,142
281286BC,1,2,151
281286BC,1,2,99
281286BC,1,2,102
281286BC,1,2,114
281286BC,1,2,98
281286BC,1,2,139
281286BC,1,2,108
281286BC,1,2,93
281286BC,1,2,137
281286BC,1,2,104
281286BC,1,2,105
281286BC,1,2,131
281286BC,1,2,153
281286BC,1,2,154
281286BC,1,2,144
281286BC,2,2,96
281286BC,2,2,135
281286BC,2,2,119
281286BC,2,2,140
281286BC,2,2,134
281286BC,2,2,127
281286BC,2,2,100
281286BC,2,2,115
281286BC,2,2,90
281286BC,2,2,106
281286BC,2,2,158
281286BC,2,2,87
281286BC,2,2,103
281286BC,2,2,92
281286BC,2,2,94
281286BC,2,2,107
281286BC,2,2,141
281286BC,2,2,109
281286BC,2,2,95
281286BC,2,2,126
281286BC,2,2,117
281286BC,2,2,111
281286BC,2,2,129
281286BC,2,2,145
281286BC,2,2,97
281286BC,2,2,110
281286BC,2,2,146
281286BC,2,2,122
281286BC,2,2,155
281286BC,2,2,132
281286BC,2,2,121
281286BC,2,2,118
281286BC,2,2,148
281286BC,2,2,152
281286BC,2,2,150
281286BC,2,2,89
281286BC,2,2,101
281286BC,2,2,124
281286BC,2,2,88
281286BC,2,2,136
281286BC,2,2,91
281286BC,2,2,133
281286BC,2,2,156
281286BC,2,2,143
281286BC,2,2,130
281286BC,2,2,116
281286BC,2,2,123
281286BC,2,2,157
281286BC,2,2,86
281286BC,2,2,147
281286BC,2,2,142
281286BC,2,2,151
281286BC,2,2,99
281286BC,2,2,102
281286BC,2,2,114
281286BC,2,2,98
281286BC,2,2,139
281286BC,2,2,108
281286BC,2,2,93
281286BC,2,2,137
281286BC,2,2,104
281286BC,2,2,105
281286BC,2,2,131
281286BC,2,2,153
281286BC,2,2,154
281286BC,2,2,144
281286BC,3,2,96
281286BC,3,2,135
281286BC,3,2,119
281286BC,3,2,140
281286BC,3,2,134
281286BC,3,2,127
281286BC,3,2,100
281286BC,3,2,115
281286BC,3,2,90
281286BC,3,2,106
281286BC,3,2,158
281286BC,3,2,87
281286BC,3,2,103
281286BC,3,2,92
281286BC,3,2,94
281286BC,3,2,107
281286BC,3,2,141
281286BC,3,2,109
281286BC,3,2,95
281286BC,3,2,126
281286BC,3,2,117
281286BC,3,2,111
281286BC,3,2,129
281286BC,3,2,145
281286BC,3,2,97
281286BC,3,2,110
281286BC,3,2,146
281286BC,3,2,122
281286BC,3,2,155
281286BC,3,2,132
281286BC,3,2,121
281286BC,3,2,118
281286BC,3,2,148
281286BC,3,2,152
281286BC,3,2,150
281286BC,3,2,89
281286BC,3,2,101
281286BC,3,2,124
281286BC,3,2,88
281286BC,3,2,136
281286BC,3,2,91
281286BC,3,2,133
281286BC,3,2,156
281286BC,3,2,143
281286BC,3,2,130
281286BC,3,2,116
281286BC,3,2,123
281286BC,3,2,157
281286BC,3,2,86
281286BC,3,2,147
281286BC,3,2,142
281286BC,3,2,151
281286BC,3,2,99
281286BC,3,2,102
281286BC,3,2,114
281286BC,3,2,98
281286BC,3,2,139
281286BC,3,2,108
281286BC,3,2,93
281286BC,3,2,137
281286BC,3,2,104
281286BC,3,2,105
281286BC,3,2,131
281286BC,3,2,153
281286BC,3,2,154
281286BC,3,2,144
2B989949,2,2,98
2B989949,2,2,86
2B989949,2,2,123
2B989949,2,2,151
2B989949,2,2,135
2B989949,2,2,142
2B989949,2,2,101
2B989949,2,2,93
2B989949,2,2,131
2B989949,2,2,136
2B989949,2,2,99
2B989949,2,2,115
2B989949,2,2,144
2B989949,2,2,149
2B989949,2,2,103
2B989949,2,2,153
2B989949,2,2,120
2B989949,2,2,90
2B989949,2,2,132
2B989949,2,2,137
2B989949,2,2,104
2B989949,2,2,143
2B989949,2,2,160
2B989949,2,2,145
2B989949,2,2,155
2B989949,2,2,134
2B989949,2,2,156
2B989949,2,2,109
2B989949,2,2,110
2B989949,2,2,112
2B989949,2,2,88
2B989949,2,2,141
2B989949,2,2,111
2B989949,2,2,100
2B989949,2,2,87
2B989949,2,2,108
2B989949,2,2,152
2B989949,2,2,121
2B989949,2,2,118
2B989949,2,2,150
2B989949,2,2,102
2B989949,2,2,113
2B989949,2,2,97
2B989949,2,2,129
2B989949,2,2,147
2B989949,2,2,146
2B989949,2,2,114
2B989949,2,2,133
2B989949,2,2,126
2B989949,2,2,92
2B989949,2,2,140
2B989949,2,2,105
2B989949,2,2,107
2B989949,2,2,119
2B989949,2,2,148
347D5E36,1,2,109
347D5E36,1,2,87
347D5E36,1,2,127
347D5E36,1,2,147
347D5E36,1,2,145
347D5E36,1,2,89
347D5E36,1,2,107
347D5E36,1,2,126
347D5E36,1,2,156
347D5E36,1,2,123
347D5E36,1,2,97
347D5E36,1,2,114
347D5E36,1,2,110
347D5E36,1,2,92
347D5E36,1,2,154
347D5E36,1,2,134
347D5E36,1,2,105
347D5E36,1,2,118
347D5E36,1,2,135
347D5E36,1,2,113
347D5E36,1,2,96
347D5E36,1,2,117
347D5E36,1,2,95
347D5E36,1,2,91
347D5E36,1,2,108
347D5E36,1,2,158
347D5E36,1,2,120
347D5E36,1,2,93
347D5E36,1,2,131
347D5E36,1,2,148
347D5E36,1,2,132
347D5E36,1,2,151
347D5E36,1,2,142
347D5E36,1,2,86
347D5E36,1,2,98
347D5E36,1,2,144
347D5E36,1,2,115
347D5E36,1,2,153
347D5E36,1,2,141
347D5E36,1,2,157
347D5E36,1,2,133
347D5E36,1,2,116
347D5E36,1,2,160
347D5E36,1,2,112
347D5E36,1,2,104
347D5E36,1,2,137
347D5E36,1,2,129
347D5E36,1,2,88
347D5E36,1,2,155
347D5E36,1,2,136
347D5E36,1,2,111
347D5E36,1,2,121
347D5E36,1,2,101
347D5E36,1,2,103
347D5E36,1,2,106
347D5E36,1,2,124
347D5E36,1,2,100
347D5E36,1,2,90
347D5E36,1,2,125
347D5E36,1,2,119
347D5E36,1,2,102
347D5E36,1,2,99
347D5E36,1,2,152
347D5E36,1,2,94
347D5E36,1,2,140
347D5E36,1,2,150
347D5E36,1,2,143
347D5E36,3,2,109
347D5E36,3,2,87
347D5E36,3,2,127
347D5E36,3,2,147
347D5E36,3,2,145
347D5E36,3,2,89
347D5E36,3,2,107
347D5E36,3,2,126
347D5E36,3,2,156
347D5E36,3,2,123
347D5E36,3,2,97
347D5E36,3,2,114
347D5E36,3,2,110
347D5E36,3,2,92
347D5E36,3,2,154
347D5E36,3,2,134
347D5E36,3,2,105
347D5E36,3,2,118
347D5E36,3,2,135
347D5E36,3,2,113
347D5E36,3,2,96
347D5E36,3,2,117
347D5E36,3,2,95
347D5E36,3,2,91
347D5E36,3,2,108
347D5E36,3,2,158
347D5E36,3,2,120
347D5E36,3,2,93
347D5E36,3,2,131
347D5E36,3,2,148
347D5E36,3,2,132
347D5E36,3,2,151
347D5E36,3,2,142
347D5E36,3,2,86
347D5E36,3,2,98
347D5E36,3,2,144
347D5E36,3,2,115
347D5E36,3,2,153
347D5E36,3,2,141
347D5E36,3,2,157
347D5E36,3,2,133
347D5E36,3,2,116
347D5E36,3,2,160
347D5E36,3,2,112
347D5E36,3,2,104
347D5E36,3,2,137
347D5E36,3,2,129
347D5E36,3,2,88
347D5E36,3,2,155
347D5E36,3,2,136
347D5E36,3,2,111
347D5E36,3,2,121
347D5E36,3,2,101
347D5E36,3,2,103
347D5E36,3,2,106
347D5E36,3,2,124
347D5E36,3,2,100
347D5E36,3,2,90
347D5E36,3,2,125
347D5E36,3,2,119
347D5E36,3,2,102
347D5E36,3,2,99
347D5E36,3,2,152
347D5E36,3,2,94
347D5E36,3,2,140
347D5E36,3,2,150
347D5E36,3,2,143
347D5E36,4,2,109
347D5E36,4,2,87
347D5E36,4,2,127
347D5E36,4,2,147
347D5E36,4,2,145
347D5E36,4,2,89
347D5E36,4,2,107
347D5E36,4,2,126
347D5E36,4,2,156
347D5E36,4,2,123
347D5E36,4,2,97
347D5E36,4,2,114
347D5E36,4,2,110
347D5E36,4,2,92
347D5E36,4,2,154
347D5E36,4,2,134
347D5E36,4,2,105
347D5E36,4,2,118
347D5E36,4,2,135
347D5E36,4,2,113
347D5E36,4,2,96
347D5E36,4,2,117
347D5E36,4,2,95
347D5E36,4,2,91
347D5E36,4,2,108
347D5E36,4,2,158
347D5E36,4,2,120
347D5E36,4,2,93
347D5E36,4,2,131
347D5E36,4,2,148
347D5E36,4,2,132
347D5E36,4,2,151
347D5E36,4,2,142
347D5E36,4,2,86
347D5E36,4,2,98
347D5E36,4,2,144
347D5E36,4,2,115
347D5E36,4,2,153
347D5E36,4,2,141
347D5E36,4,2,157
347D5E36,4,2,133
347D5E36,4,2,116
347D5E36,4,2,160
347D5E36,4,2,112
347D5E36,4,2,104
347D5E36,4,2,137
347D5E36,4,2,129
347D5E36,4,2,88
347D5E36,4,2,155
347D5E36,4,2,136
347D5E36,4,2,111
347D5E36,4,2,121
347D5E36,4,2,101
347D5E36,4,2,103
347D5E36,4,2,106
347D5E36,4,2,124
347D5E36,4,2,100
347D5E36,4,2,90
347D5E36,4,2,125
347D5E36,4,2,119
347D5E36,4,2,102
347D5E36,4,2,99
347D5E36,4,2,152
347D5E36,4,2,94
347D5E36,4,2,140
347D5E36,4,2,150
347D5E36,4,2,143
37594F45,1,2,143
37594F45,1,2,89
37594F45,1,2,157
37594F45,1,2,119
37594F45,1,2,94
37594F45,1,2,112
37594F45,1,2,158
37594F45,1,2,144
37594F45,1,2,152
37594F45,1,2,104
37594F45,1,2,110
37594F45,1,2,111
37594F45,1,2,140
37594F45,1,2,97
37594F45,1,2,135
37594F45,1,2,147
37594F45,1,2,109
37594F45,1,2,121
37594F45,1,2,131
37594F45,1,2,154
37594F45,1,2,108
37594F45,1,2,156
37594F45,1,2,95
37594F45,1,2,120
37594F45,1,2,99
37594F45,1,2,114
37594F45,1,2,127
37594F45,1,2,148
37594F45,1,2,98
37594F45,1,2,88
37594F45,1,2,101
37594F45,1,2,96
37594F45,1,2,115
37594F45,1,2,150
37594F45,1,2,100
37594F45,1,2,134
37594F45,1,2,155
37594F45,1,2,149
37594F45,1,2,128
37594F45,1,2,153
37594F45,1,2,146
37594F45,1,2,142
37594F45,1,2,136
37594F45,1,2,118
37594F45,1,2,141
37594F45,1,2,133
37594F45,1,2,132
37594F45,1,2,129
37594F45,4,2,143
37594F45,4,2,89
37594F45,4,2,157
37594F45,4,2,119
37594F45,4,2,94
37594F45,4,2,112
37594F45,4,2,158
37594F45,4,2,144
37594F45,4,2,152
37594F45,4,2,104
37594F45,4,2,110
37594F45,4,2,111
37594F45,4,2,140
37594F45,4,2,97
37594F45,4,2,135
37594F45,4,2,147
37594F45,4,2,109
37594F45,4,2,121
37594F45,4,2,131
37594F45,4,2,154
37594F45,4,2,108
37594F45,4,2,156
37594F45,4,2,95
37594F45,4,2,120
37594F45,4,2,99
37594F45,4,2,114
37594F45,4,2,127
37594F45,4,2,148
37594F45,4,2,98
37594F45,4,2,88
37594F45,4,2,101
37594F45,4,2,96
37594F45,4,2,115
37594F45,4,2,150
37594F45,4,2,100
37594F45,4,2,134
37594F45,4,2,155
37594F45,4,2,149
37594F45,4,2,128
37594F45,4,2,153
37594F45,4,2,146
37594F45,4,2,142
37594F45,4,2,136
37594F45,4,2,118
37594F45,4,2,141
37594F45,4,2,133
37594F45,4,2,132
37594F45,4,2,129
3826E0DE,4,2,144
3826E0DE,4,2,110
3826E0DE,4,2,126
3826E0DE,4,2,90
3826E0DE,4,2,104
3826E0DE,4,2,91
3826E0DE,4,2,86
3826E0DE,4,2,134
3826E0DE,4,2,152
3826E0DE,4,2,98
3826E0DE,4,2,106
3826E0DE,4,2,117
3826E0DE,4,2,136
3826E0DE,4,2,109
3826E0DE,4,2,89
3826E0DE,4,2,131
3826E0DE,4,2,97
3826E0DE,4,2,99
3826E0DE,4,2,157
3826E0DE,4,2,137
3826E0DE,4,2,101
3826E0DE,4,2,114
3826E0DE,4,2,124
3826E0DE,4,2,94
3826E0DE,4,2,92
3826E0DE,4,2,111
3826E0DE,4,2,133
3826E0DE,4,2,107
3826E0DE,4,2,156
3826E0DE,4,2,155
3826E0DE,4,2,160
3826E0DE,4,2,115
3826E0DE,4,2,154
3826E0DE,4,2,146
3826E0DE,4,2,123
3826E0DE,4,2,148
3826E0DE,4,2,150
3826E0DE,4,2,113
3826E0DE,4,2,149
3826E0DE,4,2,135
3826E0DE,4,2,132
3826E0DE,4,2,100
3826E0DE,4,2,103
3826E0DE,4,2,143
3826E0DE,4,2,112
3826E0DE,4,2,119
3826E0DE,4,2,151
3826E0DE,4,2,129
3826E0DE,4,2,141
3826E0DE,4,2,140
3826E0DE,4,2,108
3826E0DE,4,2,142
3826E0DE,4,2,121
3826E0DE,4,2,153
3826E0DE,4,2,118
3826E0DE,4,2,105
3826E0DE,4,2,87
3826E0DE,4,2,158
3826E0DE,4,2,88
3826E0DE,4,2,93
3826E0DE,4,2,145
3826E0DE,4,2,116
3826E0DE,4,2,147
390C0CCC,2,2,152
390C0CCC,2,2,151
390C0CCC,2,2,86
390C0CCC,2,2,140
390C0CCC,2,2,134
390C0CCC,2,2,123
390C0CCC,2,2,127
390C0CCC,2,2,97
390C0CCC,2,2,119
390C0CCC,2,2,113
390C0CCC,2,2,158
390C0CCC,2,2,154
390C0CCC,2,2,139
390C0CCC,2,2,132
390C0CCC,2,2,99
390C0CCC,2,2,104
390C0CCC,2,2,145
390C0CCC,2,2,103
390C0CCC,2,2,114
390C0CCC,2,2,120
390C0CCC,2,2,146
390C0CCC,2,2,125
390C0CCC,2,2,111
390C0CCC,2,2,136
390C0CCC,2,2,144
390C0CCC,2,2,115
390C0CCC,2,2,116
390C0CCC,2,2,93
390C0CCC,2,2,133
390C0CCC,2,2,91
390C0CCC,2,2,94
390C0CCC,2,2,88
390C0CCC,2,2,105
390C0CCC,2,2,96
390C0CCC,2,2,110
390C0CCC,2,2,129
390C0CCC,2,2,108
390C0CCC,2,2,130
390C0CCC,2,2,109
390C0CCC,2,2,147
390C0CCC,2,2,118
390C0CCC,2,2,155
390C0CCC,2,2,135
390C0CCC,2,2,89
390C0CCC,2,2,141
390C0CCC,2,2,87
390C0CCC,2,2,143
390C0CCC,2,2,90
390C0CCC,2,2,107
390C0CCC,2,2,156
390C0CCC,2,2,106
390C0CCC,2,2,126
390C0CCC,2,2,100
390C0CCC,2,2,112
390C0CCC,2,2,131
390C0CCC,2,2,124
390C0CCC,2,2,101
390C0CCC,2,2,98
390C0CCC,2,2,142
390C0CCC,2,2,92
3A1B84F4,1,2,91
3A1B84F4,1,2,142
3A1B84F4,1,2,157
3A1B84F4,1,2,110
3A1B84F4,1,2,111
3A1B84F4,1,2,127
3A1B84F4,1,2,133
3A1B84F4,1,2,136
3A1B84F4,1,2,145
3A1B84F4,1,2,156
3A1B84F4,1,2,109
3A1B84F4,1,2,92
3A1B84F4,1,2,117
3A1B84F4,1,2,97
3A1B84F4,1,2,99
3A1B84F4,1,2,158
3A1B84F4,1,2,118
3A1B84F4,1,2,140
3A1B84F4,1,2,149
3A1B84F4,1,2,103
3A1B84F4,1,2,114
3A1B84F4,1,2,132
3A1B84F4,1,2,104
3A1B84F4,1,2,141
3A1B84F4,1,2,148
3A1B84F4,1,2,152
3A1B84F4,1,2,135
3A1B84F4,1,2,119
3A1B84F4,1,2,154
3A1B84F4,1,2,160
3A1B84F4,1,2,94
3A1B84F4,1,2,155
3A1B84F4,1,2,137
3A1B84F4,1,2,123
3A1B84F4,1,2,102
3A1B84F4,1,2,126
3A1B84F4,1,2,93
3A1B84F4,1,2,87
3A1B84F4,1,2,151
3A1B84F4,1,2,150
3A1B84F4,1,2,101
3A1B84F4,1,2,153
3A1B84F4,1,2,146
3A1B84F4,1,2,106
3A1B84F4,1,2,116
3A1B84F4,1,2,90
3A1B84F4,1,2,88
3A1B84F4,1,2,143
3A1B84F4,1,2,108
3A1B84F4,1,2,144
3A1B84F4,1,2,107
3A1B84F4,1,2,86
3A1B84F4,1,2,95
3A1B84F4,1,2,134
3A1B84F4,1,2,100
3A1B84F4,2,2,91
3A1B84F4,2,2,142
3A1B84F4,2,2,157
3A1B84F4,2,2,110
3A1B84F4,2,2,111
3A1B84F4,2,2,127
3A1B84F4,2,2,133
3A1B84F4,2,2,136
3A1B84F4,2,2,145
3A1B84F4,2,2,156
3A1B84F4,2,2,109
3A1B84F4,2,2,92
3A1B84F4,2,2,117
3A1B84F4,2,2,97
3A1B84F4,2,2,99
3A1B84F4,2,2,158
3A1B84F4,2,2,118
3A1B84F4,2,2,140
3A1B84F4,2,2,149
3A1B84F4,2,2,103
3A1B84F4,2,2,114
3A1B84F4,2,2,132
3A1B84F4,2,2,104
3A1B84F4,2,2,141
3A1B84F4,2,2,148
3A1B84F4,2,2,152
3A1B84F4,2,2,135
3A1B84F4,2,2,119
3A1B84F4,2,2,154
3A1B84F4,2,2,160
3A1B84F4,2,2,94
3A1B84F4,2,2,155
3A1B84F4,2,2,137
3A1B84F4,2,2,123
3A1B84F4,2,2,102
3A1B84F4,2,2,126
3A1B84F4,2,2,93
3A1B84F4,2,2,87
3A1B84F4,2,2,151
3A1B84F4,2,2,150
3A1B84F4,2,2,101
3A1B84F4,2,2,153
3A1B84F4,2,2,146
3A1B84F4,2,2,106
3A1B84F4,2,2,116
3A1B84F4,2,2,90
3A1B84F4,2,2,88
3A1B84F4,2,2,143
3A1B84F4,2,2,108
3A1B84F4,2,2,144
3A1B84F4,2,2,107
3A1B84F4,2,2,86
3A1B84F4,2,2,95
3A1B84F4,2,2,134
3A1B84F4,2,2,100
3A1B84F4,4,2,91
3A1B84F4,4,2,142
3A1B84F4,4,2,157
3A1B84F4,4,2,110
3A1B84F4,4,2,111
3A1B84F4,4,2,127
3A1B84F4,4,2,133
3A1B84F4,4,2,136
3A1B84F4,4,2,145
3A1B84F4,4,2,156
3A1B84F4,4,2,109
3A1B84F4,4,2,92
3A1B84F4,4,2,117
3A1B84F4,4,2,97
3A1B84F4,4,2,99
3A1B84F4,4,2,158
3A1B84F4,4,2,118
3A1B84F4,4,2,140
3A1B84F4,4,2,149
3A1B84F4,4,2,103
3A1B84F4,4,2,114
3A1B84F4,4,2,132
3A1B84F4,4,2,104
3A1B84F4,4,2,141
3A1B84F4,4,2,148
3A1B84F4,4,2,152
3A1B84F4,4,2,135
3A1B84F4,4,2,119
3A1B84F4,4,2,154
3A1B84F4,4,2,160
3A1B84F4,4,2,94
3A1B84F4,4,2,155
3A1B84F4,4,2,137
3A1B84F4,4,2,123
3A1B84F4,4,2,102
3A1B84F4,4,2,126
3A1B84F4,4,2,93
3A1B84F4,4,2,87
3A1B84F4,4,2,151
3A1B84F4,4,2,150
3A1B84F4,4,2,101
3A1B84F4,4,2,153
3A1B84F4,4,2,146
3A1B84F4,4,2,106
3A1B84F4,4,2,116
3A1B84F4,4,2,90
3A1B84F4,4,2,88
3A1B84F4,4,2,143
3A1B84F4,4,2,108
3A1B84F4,4,2,144
3A1B84F4,4,2,107
3A1B84F4,4,2,86
3A1B84F4,4,2,95
3A1B84F4,4,2,134
3A1B84F4,4,2,100
3BC456D5,1,2,158
3BC456D5,1,2,148
3BC456D5,1,2,126
3BC456D5,1,2,100
3BC456D5,1,2,87
3BC456D5,1,2,94
3BC456D5,1,2,88
3BC456D5,1,2,99
3BC456D5,1,2,153
3BC456D5,1,2,107
3BC456D5,1,2,98
3BC456D5,1,2,101
3BC456D5,1,2,156
3BC456D5,1,2,140
3BC456D5,1,2,97
3BC456D5,1,2,111
3BC456D5,2,2,158
3BC456D5,2,2,148
3BC456D5,2,2,126
3BC456D5,2,2,100
3BC456D5,2,2,87
3BC456D5,2,2,94
3BC456D5,2,2,88
3BC456D5,2,2,99
3BC456D5,2,2,153
3BC456D5,2,2,107
3BC456D5,2,2,98
3BC456D5,2,2,101
3BC456D5,2,2,156
3BC456D5,2,2,140
3BC456D5,2,2,97
3BC456D5,2,2,111
3FE45559,1,2,97
3FE45559,1,2,111
3FE45559,1,2,112
445E679D,3,2,155
445E679D,3,2,99
445E679D,3,2,133
445E679D,3,2,111
445E679D,3,2,92
445E679D,3,2,87
445E679D,3,2,110
445E679D,3,2,104
445E679D,3,2,90
445E679D,3,2,103
445E679D,3,2,144
445E679D,3,2,114
445E679D,3,2,132
445E679D,3,2,150
445E679D,3,2,91
445E679D,3,2,86
445E679D,3,2,88
445E679D,3,2,106
445E679D,3,2,98
445E679D,3,2,148
445E679D,3,2,149
445E679D,4,2,155
445E679D,4,2,99
445E679D,4,2,133
445E679D,4,2,111
445E679D,4,2,92
445E679D,4,2,87
445E679D,4,2,110
445E679D,4,2,104
445E679D,4,2,90
445E679D,4,2,103
445E679D,4,2,144
445E679D,4,2,114
445E679D,4,2,132
445E679D,4,2,150
445E679D,4,2,91
445E679D,4,2,86
445E679D,4,2,88
445E679D,4,2,106
445E679D,4,2,98
445E679D,4,2,148
445E679D,4,2,149
4482494C,2,2,127
4482494C,2,2,156
4482494C,2,2,140
4482494C,2,2,94
4482494C,2,2,151
4482494C,2,2,123
4482494C,2,2,87
4482494C,2,2,121
4482494C,2,2,132
4482494C,2,2,126
4482494C,2,2,139
4482494C,2,2,100
4482494C,2,2,88
4482494C,2,2,96
4482494C,2,2,109
4482494C,2,2,135
4482494C,2,2,133
4482494C,2,2,111
4482494C,2,2,150
4482494C,2,2,130
4482494C,2,2,95
4482494C,2,2,119
4482494C,2,2,101
4482494C,2,2,89
4482494C,2,2,154
4482494C,2,2,148
4482494C,2,2,99
4482494C,2,2,129
4482494C,2,2,86
4482494C,2,2,134
4482494C,2,2,158
4482494C,2,2,92
4482494C,2,2,141
4482494C,2,2,110
4482494C,2,2,102
4482494C,2,2,152
4482494C,2,2,90
4482494C,2,2,91
4482494C,2,2,136
4482494C,2,2,104
4482494C,2,2,93
4482494C,2,2,137
4482494C,2,2,118
4482494C,2,2,108
4482494C,2,2,97
4482494C,2,2,103
4482494C,2,2,124
4482494C,2,2,153
4482494C,2,2,155
4482494C,2,2,98
4482494C,4,2,127
4482494C,4,2,156
4482494C,4,2,140
4482494C,4,2,94
4482494C,4,2,151
4482494C,4,2,123
4482494C,4,2,87
4482494C,4,2,121
4482494C,4,2,132
4482494C,4,2,126
4482494C,4,2,139
4482494C,4,2,100
4482494C,4,2,88
4482494C,4,2,96
4482494C,4,2,109
4482494C,4,2,135
4482494C,4,2,133
4482494C,4,2,111
4482494C,4,2,150
4482494C,4,2,130
4482494C,4,2,95
4482494C,4,2,119
4482494C,4,2,101
4482494C,4,2,89
4482494C,4,2,154
4482494C,4,2,148
4482494C,4,2,99
4482494C,4,2,129
4482494C,4,2,86
4482494C,4,2,134
4482494C,4,2,158
4482494C,4,2,92
4482494C,4,2,141
4482494C,4,2,110
4482494C,4,2,102
4482494C,4,2,152
4482494C,4,2,90
4482494C,4,2,91
4482494C,4,2,136
4482494C,4,2,104
4482494C,4,2,93
4482494C,4,2,137
4482494C,4,2,118
4482494C,4,2,108
4482494C,4,2,97
4482494C,4,2,103
4482494C,4,2,124
4482494C,4,2,153
4482494C,4,2,155
4482494C,4,2,98
44AF14C1,2,2,118
44AF14C1,2,2,115
44AF14C1,2,2,131
44AF14C1,2,2,146
44AF14C1,2,2,136
44AF14C1,2,2,97
44AF14C1,2,2,154
44AF14C1,2,2,111
44AF14C1,2,2,156
44AF14C1,2,2,128
44AF14C1,2,2,133
44AF14C1,2,2,113
44AF14C1,2,2,101
44AF14C1,2,2,142
44AF14C1,2,2,140
44AF14C1,2,2,116
44AF14C1,2,2,99
44AF14C1,2,2,90
44AF14C1,2,2,108
44AF14C1,2,2,152
44AF14C1,2,2,120
44AF14C1,2,2,143
44AF14C1,2,2,132
44AF14C1,2,2,96
44AF14C1,2,2,130
44AF14C1,2,2,145
44AF14C1,2,2,148
44AF14C1,2,2,107
44AF14C1,2,2,124
44AF14C1,2,2,110
44AF14C1,2,2,134
44AF14C1,2,2,93
44AF14C1,2,2,117
44AF14C1,2,2,144
44AF14C1,2,2,126
44AF14C1,2,2,135
44AF14C1,2,2,137
44AF14C1,2,2,158
44AF14C1,2,2,139
44AF14C1,2,2,94
44AF14C1,2,2,157
44AF14C1,2,2,119
44AF14C1,2,2,87
44AF14C1,2,2,114
44AF14C1,2,2,121
44AF14C1,2,2,127
44AF14C1,2,2,153
44AF14C1,2,2,103
44AF14C1,2,2,102
44AF14C1,2,2,150
44AF14C1,2,2,112
44AF14C1,2,2,104
44AF14C1,2,2,141
44AF14C1,2,2,151
44AF14C1,2,2,155
44AF14C1,2,2,88
44AF14C1,2,2,91
44AF14C1,2,2,86
44AF14C1,2,2,98
44AF14C1,2,2,129
44AF14C1,2,2,123
44AF14C1,2,2,147
46484C5E,2,2,111
46484C5E,2,2,119
46484C5E,2,2,101
46484C5E,2,2,142
46484C5E,2,2,145
46484C5E,2,2,89
46484C5E,2,2,129
46484C5E,2,2,110
46484C5E,2,2,97
46484C5E,2,2,93
46484C5E,2,2,121
46484C5E,2,2,136
46484C5E,2,2,130
46484C5E,2,2,100
46484C5E,2,2,153
46484C5E,2,2,137
46484C5E,2,2,146
46484C5E,2,2,149
46484C5E,2,2,102
46484C5E,2,2,147
46484C5E,2,2,144
46484C5E,2,2,157
46484C5E,2,2,94
46484C5E,2,2,134
46484C5E,2,2,135
46484C5E,2,2,158
46484C5E,2,2,150
46484C5E,2,2,92
46484C5E,2,2,98
46484C5E,2,2,126
46484C5E,2,2,104
46484C5E,2,2,148
46484C5E,2,2,154
46484C5E,2,2,105
46484C5E,2,2,103
46484C5E,2,2,155
46484C5E,2,2,132
46484C5E,2,2,143
46484C5E,2,2,141
46484C5E,2,2,116
46484C5E,2,2,140
46484C5E,2,2,156
46484C5E,2,2,124
46484C5E,2,2,123
46484C5E,2,2,114
46484C5E,2,2,151
46484C5E,2,2,88
46484C5E,2,2,107
46484C5E,2,2,118
46484C5E,2,2,152
46484C5E,2,2,115
46484C5E,2,2,131
46484C5E,2,2,133
46484C5E,2,2,108
46484C5E,2,2,99
48295835,1,2,87
48295835,1,2,89
48295835,1,2,97
48295835,1,2,116
48295835,1,2,149
48295835,1,2,98
48295835,1,2,129
48295835,1,2,111
48295835,1,2,102
48295835,1,2,107
48295835,1,2,152
48295835,1,2,103
48295835,1,2,160
48295835,1,2,157
48295835,1,2,119
48295835,1,2,139
48295835,1,2,86
48295835,1,2,94
48295835,1,2,101
48295835,1,2,113
48295835,1,2,158
48295835,1,2,90
48295835,1,2,115
48295835,1,2,126
48295835,1,2,104
48295835,1,2,93
48295835,1,2,148
48295835,1,2,100
48295835,1,2,153
48295835,1,2,120
48295835,1,2,140
48295835,1,2,156
48295835,1,2,112
48295835,1,2,108
48295835,1,2,88
4AD45AC5,1,2,93
4AD45AC5,1,2,156
4AD45AC5,1,2,151
4AD45AC5,1,2,103
4AD45AC5,1,2,158
4AD45AC5,1,2,92
4AD45AC5,1,2,142
4AD45AC5,1,2,107
4AD45AC5,1,2,124
4AD45AC5,1,2,133
4AD45AC5,1,2,88
4AD45AC5,1,2,99
4AD45AC5,1,2,121
4AD45AC5,1,2,129
4AD45AC5,1,2,87
4AD45AC5,1,2,120
4AD45AC5,1,2,140
4AD45AC5,1,2,115
4AD45AC5,1,2,105
4AD45AC5,1,2,108
4AD45AC5,1,2,152
4AD45AC5,1,2,149
4AD45AC5,1,2,91
4AD45AC5,1,2,101
4AD45AC5,1,2,100
4AD45AC5,1,2,111
4AD45AC5,1,2,150
4AD45AC5,1,2,144
4AD45AC5,1,2,95
4AD45AC5,1,2,127
4AD45AC5,1,2,147
4AD45AC5,1,2,134
4AD45AC5,1,2,123
4AD45AC5,1,2,130
4AD45AC5,1,2,135
4AD45AC5,1,2,94
4AD45AC5,1,2,106
4AD45AC5,1,2,119
4AD45AC5,1,2,141
4AD45AC5,1,2,96
4AD45AC5,1,2,90
4AD45AC5,1,2,131
4AD45AC5,1,2,118
4AD45AC5,1,2,146
4AD45AC5,1,2,98
4AD45AC5,1,2,110
4AD45AC5,1,2,89
4AD45AC5,1,2,126
4AD45AC5,1,2,86
4AD45AC5,1,2,143
4AD45AC5,1,2,157
4AD45AC5,1,2,145
4AD45AC5,1,2,104
4B929F6,2,2,128
4B929F6,2,2,105
4B929F6,2,2,94
4B929F6,2,2,134
4B929F6,2,2,89
4B929F6,2,2,92
4B929F6,2,2,142
4B929F6,2,2,101
4B929F6,2,2,119
4B929F6,2,2,126
4B929F6,2,2,111
4B929F6,2,2,103
4B929F6,2,2,99
4B929F6,2,2,109
4B929F6,2,2,121
4B929F6,2,2,113
4B929F6,2,2,158
4B929F6,2,2,102
4B929F6,2,2,140
4B929F6,2,2,132
4B929F6,2,2,108
4B929F6,2,2,149
4B929F6,2,2,104
4B929F6,2,2,127
4B929F6,2,2,136
4B929F6,2,2,157
4B929F6,2,2,151
4B929F6,2,2,100
4B929F6,2,2,156
4B929F6,2,2,110
4B929F6,2,2,117
4B929F6,2,2,123
4B929F6,2,2,130
4B929F6,2,2,118
4B929F6,2,2,143
4B929F6,2,2,155
4B929F6,2,2,95
4B929F6,2,2,145
4B929F6,2,2,112
4B929F6,2,2,133
4B929F6,2,2,150
4B929F6,2,2,115
4B929F6,2,2,93
4B929F6,2,2,97
4B929F6,2,2,86
4B929F6,2,2,154
4B929F6,2,2,124
4B929F6,2,2,106
4B929F6,2,2,146
4B929F6,2,2,120
4B929F6,2,2,147
4B929F6,2,2,90
4B929F6,2,2,148
4B929F6,2,2,98
4B929F6,2,2,153
4B929F6,2,2,96
4B929F6,2,2,152
4B929F6,2,2,91
4B929F6,2,2,107
4B929F6,2,2,88
4B929F6,2,2,114
4B929F6,2,2,125
4B929F6,2,2,144
4B929F6,2,2,129
4B929F6,2,2,87
4B929F6,2,2,116
4B929F6,3,2,128
4B929F6,3,2,105
4B929F6,3,2,94
4B929F6,3,2,134
4B929F6,3,2,89
4B929F6,3,2,92
4B929F6,3,2,142
4B929F6,3,2,101
4B929F6,3,2,119
4B929F6,3,2,126
4B929F6,3,2,111
4B929F6,3,2,103
4B929F6,3,2,99
4B929F6,3,2,109
4B929F6,3,2,121
4B929F6,3,2,113
4B929F6,3,2,158
4B929F6,3,2,102
4B929F6,3,2,140
4B929F6,3,2,132
4B929F6,3,2,108
4B929F6,3,2,149
4B929F6,3,2,104
4B929F6,3,2,127
4B929F6,3,2,136
4B929F6,3,2,157
4B929F6,3,2,151
4B929F6,3,2,100
4B929F6,3,2,156
4B929F6,3,2,110
4B929F6,3,2,117
4B929F6,3,2,123
4B929F6,3,2,130
4B929F6,3,2,118
4B929F6,3,2,143
4B929F6,3,2,155
4B929F6,3,2,95
4B929F6,3,2,145
4B929F6,3,2,112
4B929F6,3,2,133
4B929F6,3,2,150
4B929F6,3,2,115
4B929F6,3,2,93
4B929F6,3,2,97
4B929F6,3,2,86
4B929F6,3,2,154
4B929F6,3,2,124
4B929F6,3,2,106
4B929F6,3,2,146
4B929F6,3,2,120
4B929F6,3,2,147
4B929F6,3,2,90
4B929F6,3,2,148
4B929F6,3,2,98
4B929F6,3,2,153
4B929F6,3,2,96
4B929F6,3,2,152
4B929F6,3,2,91
4B929F6,3,2,107
4B929F6,3,2,88
4B929F6,3,2,114
4B929F6,3,2,125
4B929F6,3,2,144
4B929F6,3,2,129
4B929F6,3,2,87
4B929F6,3,2,116
4B929F6,4,2,128
4B929F6,4,2,105
4B929F6,4,2,94
4B929F6,4,2,134
4B929F6,4,2,89
4B929F6,4,2,92
4B929F6,4,2,142
4B929F6,4,2,101
4B929F6,4,2,119
4B929F6,4,2,126
4B929F6,4,2,111
4B929F6,4,2,103
4B929F6,4,2,99
4B929F6,4,2,109
4B929F6,4,2,121
4B929F6,4,2,113
4B929F6,4,2,158
4B929F6,4,2,102
4B929F6,4,2,140
4B929F6,4,2,132
4B929F6,4,2,108
4B929F6,4,2,149
4B929F6,4,2,104
4B929F6,4,2,127
4B929F6,4,2,136
4B929F6,4,2,157
4B929F6,4,2,151
4B929F6,4,2,100
4B929F6,4,2,156
4B929F6,4,2,110
4B929F6,4,2,117
4B929F6,4,2,123
4B929F6,4,2,130
4B929F6,4,2,118
4B929F6,4,2,143
4B929F6,4,2,155
4B929F6,4,2,95
4B929F6,4,2,145
4B929F6,4,2,112
4B929F6,4,2,133
4B929F6,4,2,150
4B929F6,4,2,115
4B929F6,4,2,93
4B929F6,4,2,97
4B929F6,4,2,86
4B929F6,4,2,154
4B929F6,4,2,124
4B929F6,4,2,106
4B929F6,4,2,146
4B929F6,4,2,120
4B929F6,4,2,147
4B929F6,4,2,90
4B929F6,4,2,148
4B929F6,4,2,98
4B929F6,4,2,153
4B929F6,4,2,96
4B929F6,4,2,152
4B929F6,4,2,91
4B929F6,4,2,107
4B929F6,4,2,88
4B929F6,4,2,114
4B929F6,4,2,125
4B929F6,4,2,144
4B929F6,4,2,129
4B929F6,4,2,87
4B929F6,4,2,116
4C84103A,4,2,146
4C84103A,4,2,142
4C84103A,4,2,123
4C84103A,4,2,90
4C84103A,4,2,97
4C84103A,4,2,135
4C84103A,4,2,133
4C84103A,4,2,114
4C84103A,4,2,126
4C84103A,4,2,95
4C84103A,4,2,87
4C84103A,4,2,144
4C84103A,4,2,155
4C84103A,4,2,89
4C84103A,4,2,98
4C84103A,4,2,141
4C84103A,4,2,103
4C84103A,4,2,148
4C84103A,4,2,130
4C84103A,4,2,104
4C84103A,4,2,147
4C84103A,4,2,119
4C84103A,4,2,99
4C84103A,4,2,88
4C84103A,4,2,116
4C84103A,4,2,134
4C84103A,4,2,121
4C84103A,4,2,109
4C84103A,4,2,158
4C84103A,4,2,154
4C84103A,4,2,94
4C84103A,4,2,111
4C84103A,4,2,156
4C84103A,4,2,115
4C84103A,4,2,96
4C84103A,4,2,137
4C84103A,4,2,86
4C84103A,4,2,124
4C84103A,4,2,149
4C84103A,4,2,131
4C84103A,4,2,91
4C84103A,4,2,107
4C84103A,4,2,129
4C84103A,4,2,120
4C84103A,4,2,92
4C84103A,4,2,143
4C84103A,4,2,140
4C84103A,4,2,157
4C84103A,4,2,127
4C84103A,4,2,132
4C84103A,4,2,93
4C84103A,4,2,113
4C84103A,4,2,145
4C84103A,4,2,153
4C84103A,4,2,101
4C84103A,4,2,108
4C84103A,4,2,110
4C84103A,4,2,136
4C84103A,4,2,102
4C84103A,4,2,118
4C84103A,4,2,100
4C84103A,4,2,112
4C84103A,4,2,139
4D98EE47,2,2,127
4D98EE47,2,2,88
4D98EE47,2,2,124
4D98EE47,2,2,150
4D98EE47,2,2,134
4D98EE47,2,2,94
4D98EE47,2,2,126
4D98EE47,2,2,152
4D98EE47,2,2,156
4D98EE47,2,2,90
4D98EE47,2,2,140
4D98EE47,2,2,147
4D98EE47,2,2,133
4D98EE47,2,2,146
4D98EE47,2,2,110
4D98EE47,2,2,119
4D98EE47,2,2,108
4D98EE47,2,2,98
4D98EE47,2,2,137
4D98EE47,2,2,115
4D98EE47,2,2,144
4D98EE47,2,2,154
4D98EE47,2,2,142
4D98EE47,2,2,86
4D98EE47,2,2,116
4D98EE47,2,2,97
4D98EE47,2,2,148
4D98EE47,2,2,123
4D98EE47,2,2,145
4D98EE47,2,2,114
4D98EE47,2,2,92
4D98EE47,2,2,106
4D98EE47,2,2,136
4D98EE47,2,2,111
4D98EE47,2,2,129
4D98EE47,2,2,109
4D98EE47,2,2,135
4D98EE47,2,2,101
4D98EE47,2,2,153
4D98EE47,2,2,100
4D98EE47,2,2,105
4D98EE47,2,2,160
4D98EE47,2,2,102
4D98EE47,2,2,132
4D98EE47,2,2,157
4D98EE47,2,2,93
4D98EE47,2,2,155
4D98EE47,2,2,89
4D98EE47,2,2,96
4D98EE47,2,2,143
4D98EE47,2,2,118
4D98EE47,2,2,91
4D98EE47,2,2,128
4D98EE47,2,2,151
4D98EE47,2,2,158
4D98EE47,2,2,103
4D98EE47,2,2,107
4D98EE47,2,2,104
4D98EE47,2,2,99
4D98EE47,2,2,87
4D98EE47,2,2,141
51FE3830,1,2,146
51FE3830,1,2,101
51FE3830,1,2,99
51FE3830,1,2,150
51FE3830,1,2,100
51FE3830,1,2,119
51FE3830,1,2,157
51FE3830,1,2,93
51FE3830,1,2,133
51FE3830,1,2,136
51FE3830,1,2,118
51FE3830,1,2,109
51FE3830,1,2,107
51FE3830,1,2,148
51FE3830,1,2,134
51FE3830,1,2,97
51FE3830,1,2,149
51FE3830,1,2,86
51FE3830,1,2,103
51FE3830,1,2,114
51FE3830,1,2,154
51FE3830,1,2,140
51FE3830,1,2,137
51FE3830,1,2,142
51FE3830,1,2,87
51FE3830,1,2,108
51FE3830,1,2,111
51FE3830,1,2,123
51FE3830,1,2,155
51FE3830,1,2,141
51FE3830,1,2,98
51FE3830,1,2,106
51FE3830,1,2,112
51FE3830,1,2,90
51FE3830,1,2,94
51FE3830,1,2,92
51FE3830,1,2,132
51FE3830,1,2,126
51FE3830,1,2,91
51FE3830,1,2,102
51FE3830,1,2,144
51FE3830,1,2,145
51FE3830,1,2,88
51FE3830,1,2,158
51FE3830,2,2,146
51FE3830,2,2,101
51FE3830,2,2,99
51FE3830,2,2,150
51FE3830,2,2,100
51FE3830,2,2,119
51FE3830,2,2,157
51FE3830,2,2,93
51FE3830,2,2,133
51FE3830,2,2,136
51FE3830,2,2,118
51FE3830,2,2,109
51FE3830,2,2,107
51FE3830,2,2,148
51FE3830,2,2,134
51FE3830,2,2,97
51FE3830,2,2,149
51FE3830,2,2,86
51FE3830,2,2,103
51FE3830,2,2,114
51FE3830,2,2,154
51FE3830,2,2,140
51FE3830,2,2,137
51FE3830,2,2,142
51FE3830,2,2,87
51FE3830,2,2,108
51FE3830,2,2,111
51FE3830,2,2,123
51FE3830,2,2,155
51FE3830,2,2,141
51FE3830,2,2,98
51FE3830,2,2,106
51FE3830,2,2,112
51FE3830,2,2,90
51FE3830,2,2,94
51FE3830,2,2,92
51FE3830,2,2,132
51FE3830,2,2,126
51FE3830,2,2,91
51FE3830,2,2,102
51FE3830,2,2,144
51FE3830,2,2,145
51FE3830,2,2,88
51FE3830,2,2,158
51FE3830,3,2,146
51FE3830,3,2,101
51FE3830,3,2,99
51FE3830,3,2,150
51FE3830,3,2,100
51FE3830,3,2,119
51FE3830,3,2,157
51FE3830,3,2,93
51FE3830,3,2,133
51FE3830,3,2,136
51FE3830,3,2,118
51FE3830,3,2,109
51FE3830,3,2,107
51FE3830,3,2,148
51FE3830,3,2,134
51FE3830,3,2,97
51FE3830,3,2,149
51FE3830,3,2,86
51FE3830,3,2,103
51FE3830,3,2,114
51FE3830,3,2,154
51FE3830,3,2,140
51FE3830,3,2,137
51FE3830,3,2,142
51FE3830,3,2,87
51FE3830,3,2,108
51FE3830,3,2,111
51FE3830,3,2,123
51FE3830,3,2,155
51FE3830,3,2,141
51FE3830,3,2,98
51FE3830,3,2,106
51FE3830,3,2,112
51FE3830,3,2,90
51FE3830,3,2,94
51FE3830,3,2,92
51FE3830,3,2,132
51FE3830,3,2,126
51FE3830,3,2,91
51FE3830,3,2,102
51FE3830,3,2,144
51FE3830,3,2,145
51FE3830,3,2,88
51FE3830,3,2,158
55BA642E,1,2,97
55BA642E,1,2,101
55BA642E,1,2,150
55BA642E,1,2,156
55BA642E,1,2,142
55BA642E,1,2,134
55BA642E,1,2,157
55BA642E,1,2,148
55BA642E,1,2,140
55BA642E,1,2,149
55BA642E,1,2,135
55BA642E,1,2,153
55BA642E,1,2,143
55BA642E,1,2,118
55BA642E,1,2,108
55BA642E,1,2,145
55BA642E,1,2,146
55BA642E,1,2,154
55BA642E,1,2,141
55BA642E,1,2,98
55BA642E,1,2,144
55BA642E,1,2,131
55BA642E,1,2,114
55BA642E,1,2,93
55BA642E,1,2,111
55BA642E,1,2,158
55BA642E,1,2,100
55BA642E,1,2,155
55BA642E,1,2,151
55BA642E,1,2,132
55BA642E,1,2,104
55BA642E,1,2,129
55BA642E,1,2,136
55BA642E,1,2,152
55BA642E,1,2,133
55BA642E,1,2,103
55BA642E,4,2,97
55BA642E,4,2,101
55BA642E,4,2,150
55BA642E,4,2,156
55BA642E,4,2,142
55BA642E,4,2,134
55BA642E,4,2,157
55BA642E,4,2,148
55BA642E,4,2,140
55BA642E,4,2,149
55BA642E,4,2,135
55BA642E,4,2,153
55BA642E,4,2,143
55BA642E,4,2,118
55BA642E,4,2,108
55BA642E,4,2,145
55BA642E,4,2,146
55BA642E,4,2,154
55BA642E,4,2,141
55BA642E,4,2,98
55BA642E,4,2,144
55BA642E,4,2,131
55BA642E,4,2,114
55BA642E,4,2,93
55BA642E,4,2,111
55BA642E,4,2,158
55BA642E,4,2,100
55BA642E,4,2,155
55BA642E,4,2,151
55BA642E,4,2,132
55BA642E,4,2,104
55BA642E,4,2,129
55BA642E,4,2,136
55BA642E,4,2,152
55BA642E,4,2,133
55BA642E,4,2,103
562A867F,1,2,108
562A867F,1,2,142
562A867F,1,2,155
562A867F,1,2,116
562A867F,1,2,104
562A867F,1,2,86
562A867F,1,2,135
562A867F,1,2,103
562A867F,1,2,120
562A867F,1,2,101
562A867F,1,2,136
562A867F,1,2,109
562A867F,1,2,88
562A867F,1,2,154
562A867F,1,2,102
562A867F,1,2,94
562A867F,1,2,110
562A867F,1,2,118
562A867F,1,2,156
562A867F,1,2,115
562A867F,1,2,129
562A867F,1,2,89
562A867F,1,2,140
562A867F,1,2,114
562A867F,1,2,128
562A867F,1,2,145
562A867F,1,2,126
562A867F,1,2,148
562A867F,1,2,158
562A867F,1,2,98
562A867F,1,2,131
562A867F,1,2,152
562A867F,1,2,143
562A867F,1,2,90
562A867F,1,2,150
562A867F,1,2,144
562A867F,1,2,117
562A867F,1,2,99
562A867F,1,2,139
562A867F,1,2,157
562A867F,1,2,130
562A867F,1,2,132
562A867F,1,2,134
562A867F,1,2,127
562A867F,1,2,147
562A867F,1,2,133
562A867F,1,2,111
562A867F,1,2,151
562A867F,1,2,141
562A867F,1,2,106
562A867F,1,2,87
562A867F,1,2,91
562A867F,1,2,124
562A867F,1,2,119
562A867F,1,2,153
562A867F,1,2,97
562A867F,1,2,100
562A867F,2,2,108
562A867F,2,2,142
562A867F,2,2,155
562A867F,2,2,116
562A867F,2,2,104
562A867F,2,2,86
562A867F,2,2,135
562A867F,2,2,103
562A867F,2,2,120
562A867F,2,2,101
562A867F,2,2,136
562A867F,2,2,109
562A867F,2,2,88
562A867F,2,2,154
562A867F,2,2,102
562A867F,2,2,94
562A867F,2,2,110
562A867F,2,2,118
562A867F,2,2,156
562A867F,2,2,115
562A867F,2,2,129
562A867F,2,2,89
562A867F,2,2,140
562A867F,2,2,114
562A867F,2,2,128
562A867F,2,2,145
562A867F,2,2,126
562A867F,2,2,148
562A867F,2,2,158
562A867F,2,2,98
562A867F,2,2,131
562A867F,2,2,152
562A867F,2,2,143
562A867F,2,2,90
562A867F,2,2,150
562A867F,2,2,144
562A867F,2,2,117
562A867F,2,2,99
562A867F,2,2,139
562A867F,2,2,157
562A867F,2,2,130
562A867F,2,2,132
562A867F,2,2,134
562A867F,2,2,127
562A867F,2,2,147
562A867F,2,2,133
562A867F,2,2,111
562A867F,2,2,151
562A867F,2,2,141
562A867F,2,2,106
562A867F,2,2,87
562A867F,2,2,91
562A867F,2,2,124
562A867F,2,2,119
562A867F,2,2,153
562A867F,2,2,97
562A867F,2,2,100
562A867F,4,2,108
562A867F,4,2,142
562A867F,4,2,155
562A867F,4,2,116
562A867F,4,2,104
562A867F,4,2,86
562A867F,4,2,135
562A867F,4,2,103
562A867F,4,2,120
562A867F,4,2,101
562A867F,4,2,136
562A867F,4,2,109
562A867F,4,2,88
562A867F,4,2,154
562A867F,4,2,102
562A867F,4,2,94
562A867F,4,2,110
562A867F,4,2,118
562A867F,4,2,156
562A867F,4,2,115
562A867F,4,2,129
562A867F,4,2,89
562A867F,4,2,140
562A867F,4,2,114
562A867F,4,2,128
562A867F,4,2,145
562A867F,4,2,126
562A867F,4,2,148
562A867F,4,2,158
562A867F,4,2,98
562A867F,4,2,131
562A867F,4,2,152
562A867F,4,2,143
562A867F,4,2,90
562A867F,4,2,150
562A867F,4,2,144
562A867F,4,2,117
562A867F,4,2,99
562A867F,4,2,139
562A867F,4,2,157
562A867F,4,2,130
562A867F,4,2,132
562A867F,4,2,134
562A867F,4,2,127
562A867F,4,2,147
562A867F,4,2,133
562A867F,4,2,111
562A867F,4,2,151
562A867F,4,2,141
562A867F,4,2,106
562A867F,4,2,87
562A867F,4,2,91
562A867F,4,2,124
562A867F,4,2,119
562A867F,4,2,153
562A867F,4,2,97
562A867F,4,2,100
5978A120,3,2,135
5978A120,3,2,146
5978A120,3,2,142
5978A120,3,2,87
5978A120,3,2,89
5978A120,3,2,131
5978A120,3,2,130
5978A120,3,2,128
5978A120,3,2,147
5978A120,3,2,86
5978A120,3,2,115
5978A120,3,2,98
5978A120,3,2,151
5978A120,3,2,88
5978A120,3,2,144
5978A120,3,2,118
5978A120,3,2,124
5978A120,3,2,152
5978A120,3,2,104
5978A120,3,2,136
5978A120,3,2,117
5978A120,3,2,133
5978A120,3,2,134
5978A120,3,2,103
5978A120,3,2,153
5978A120,3,2,139
5978A120,3,2,109
5978A120,3,2,100
5978A120,3,2,140
5978A120,3,2,99
5978A120,3,2,94
5978A120,3,2,148
5978A120,3,2,126
5978A120,3,2,110
5978A120,3,2,125
5978A120,3,2,116
5978A120,3,2,123
5978A120,3,2,129
5978A120,3,2,101
5978A120,3,2,114
5978A120,3,2,143
5978A120,3,2,90
5978A120,3,2,107
5978A120,3,2,132
5978A120,3,2,154
5978A120,3,2,108
5978A120,3,2,121
5978A120,3,2,149
5978A120,3,2,150
5978A120,3,2,155
5978A120,3,2,141
5978A120,3,2,96
5978A120,3,2,119
5978A120,3,2,145
5978A120,3,2,97
5978A120,4,2,135
5978A120,4,2,146
5978A120,4,2,142
5978A120,4,2,87
5978A120,4,2,89
5978A120,4,2,131
5978A120,4,2,130
5978A120,4,2,128
5978A120,4,2,147
5978A120,4,2,86
5978A120,4,2,115
5978A120,4,2,98
5978A120,4,2,151
5978A120,4,2,88
5978A120,4,2,144
5978A120,4,2,118
5978A120,4,2,124
5978A120,4,2,152
5978A120,4,2,104
5978A120,4,2,136
5978A120,4,2,117
5978A120,4,2,133
5978A120,4,2,134
5978A120,4,2,103
5978A120,4,2,153
5978A120,4,2,139
5978A120,4,2,109
5978A120,4,2,100
5978A120,4,2,140
5978A120,4,2,99
5978A120,4,2,94
5978A120,4,2,148
5978A120,4,2,126
5978A120,4,2,110
5978A120,4,2,125
5978A120,4,2,116
5978A120,4,2,123
5978A120,4,2,129
5978A120,4,2,101
5978A120,4,2,114
5978A120,4,2,143
5978A120,4,2,90
5978A120,4,2,107
5978A120,4,2,132
5978A120,4,2,154
5978A120,4,2,108
5978A120,4,2,121
5978A120,4,2,149
5978A120,4,2,150
5978A120,4,2,155
5978A120,4,2,141
5978A120,4,2,96
5978A120,4,2,119
5978A120,4,2,145
5978A120,4,2,97
5B8F96B8,1,2,152
5B8F96B8,1,2,106
5B8F96B8,1,2,150
5B8F96B8,1,2,129
5B8F96B8,1,2,97
5B8F96B8,1,2,133
5B8F96B8,1,2,88
5B8F96B8,1,2,151
5B8F96B8,1,2,141
5B8F96B8,1,2,143
5B8F96B8,1,2,103
5B8F96B8,1,2,158
5B8F96B8,1,2,118
5B8F96B8,1,2,154
5B8F96B8,1,2,87
5B8F96B8,1,2,139
5B8F96B8,1,2,157
5B8F96B8,1,2,134
5B8F96B8,1,2,107
5B8F96B8,1,2,132
5B8F96B8,1,2,99
5B8F96B8,1,2,148
5B8F96B8,1,2,146
5B8F96B8,1,2,136
5B8F96B8,1,2,98
5B8F96B8,1,2,108
5B8F96B8,1,2,140
5B8F96B8,1,2,111
5B8F96B8,1,2,142
5B8F96B8,1,2,101
5B8F96B8,1,2,104
5B8F96B8,1,2,156
5B8F96B8,1,2,144
5B8F96B8,1,2,153
5B8F96B8,1,2,149
5B8F96B8,1,2,109
5B8F96B8,1,2,147
5B8F96B8,1,2,100
5B8F96B8,4,2,152
5B8F96B8,4,2,106
5B8F96B8,4,2,150
5B8F96B8,4,2,129
5B8F96B8,4,2,97
5B8F96B8,4,2,133
5B8F96B8,4,2,88
5B8F96B8,4,2,151
5B8F96B8,4,2,141
5B8F96B8,4,2,143
5B8F96B8,4,2,103
5B8F96B8,4,2,158
5B8F96B8,4,2,118
5B8F96B8,4,2,154
5B8F96B8,4,2,87
5B8F96B8,4,2,139
5B8F96B8,4,2,157
5B8F96B8,4,2,134
5B8F96B8,4,2,107
5B8F96B8,4,2,132
5B8F96B8,4,2,99
5B8F96B8,4,2,148
5B8F96B8,4,2,146
5B8F96B8,4,2,136
5B8F96B8,4,2,98
5B8F96B8,4,2,108
5B8F96B8,4,2,140
5B8F96B8,4,2,111
5B8F96B8,4,2,142
5B8F96B8,4,2,101
5B8F96B8,4,2,104
5B8F96B8,4,2,156
5B8F96B8,4,2,144
5B8F96B8,4,2,153
5B8F96B8,4,2,149
5B8F96B8,4,2,109
5B8F96B8,4,2,147
5B8F96B8,4,2,100
5CD8B4FE,1,2,104
5CD8B4FE,1,2,155
5CD8B4FE,1,2,103
5CD8B4FE,1,2,106
5CD8B4FE,1,2,145
5CD8B4FE,1,2,142
5CD8B4FE,1,2,158
5CD8B4FE,1,2,151
5CD8B4FE,2,2,104
5CD8B4FE,2,2,155
5CD8B4FE,2,2,103
5CD8B4FE,2,2,106
5CD8B4FE,2,2,145
5CD8B4FE,2,2,142
5CD8B4FE,2,2,158
5CD8B4FE,2,2,151
5CD8B4FE,3,2,104
5CD8B4FE,3,2,155
5CD8B4FE,3,2,103
5CD8B4FE,3,2,106
5CD8B4FE,3,2,145
5CD8B4FE,3,2,142
5CD8B4FE,3,2,158
5CD8B4FE,3,2,151
5D73E08B,1,2,148
5D73E08B,1,2,141
5D73E08B,1,2,114
5D73E08B,1,2,153
5D73E08B,1,2,152
5D73E08B,1,2,144
5D73E08B,1,2,140
5D73E08B,1,2,111
5D73E08B,1,2,149
5D73E08B,1,2,146
5D73E08B,1,2,142
5D73E08B,1,2,157
5D73E08B,1,2,88
5D73E08B,1,2,158
5D73E08B,1,2,112
5D73E08B,1,2,91
5D73E08B,1,2,115
5D73E08B,1,2,98
5D73E08B,1,2,108
5D73E08B,1,2,99
5D73E08B,1,2,93
5D73E08B,1,2,126
5D73E08B,1,2,102
5D73E08B,1,2,109
5D73E08B,1,2,129
5D73E08B,1,2,110
5D73E08B,1,2,97
5D73E08B,1,2,90
5D73E08B,1,2,101
5D73E08B,1,2,151
5D73E08B,1,2,120
5D73E08B,1,2,87
5D73E08B,1,2,95
5D73E08B,1,2,107
5D73E08B,1,2,156
5D73E08B,1,2,137
5D73E08B,1,2,104
5D73E08B,1,2,103
5D73E08B,1,2,100
5D73E08B,4,2,148
5D73E08B,4,2,141
5D73E08B,4,2,114
5D73E08B,4,2,153
5D73E08B,4,2,152
5D73E08B,4,2,144
5D73E08B,4,2,140
5D73E08B,4,2,111
5D73E08B,4,2,149
5D73E08B,4,2,146
5D73E08B,4,2,142
5D73E08B,4,2,157
5D73E08B,4,2,88
5D73E08B,4,2,158
5D73E08B,4,2,112
5D73E08B,4,2,91
5D73E08B,4,2,115
5D73E08B,4,2,98
5D73E08B,4,2,108
5D73E08B,4,2,99
5D73E08B,4,2,93
5D73E08B,4,2,126
5D73E08B,4,2,102
5D73E08B,4,2,109
5D73E08B,4,2,129
5D73E08B,4,2,110
5D73E08B,4,2,97
5D73E08B,4,2,90
5D73E08B,4,2,101
5D73E08B,4,2,151
5D73E08B,4,2,120
5D73E08B,4,2,87
5D73E08B,4,2,95
5D73E08B,4,2,107
5D73E08B,4,2,156
5D73E08B,4,2,137
5D73E08B,4,2,104
5D73E08B,4,2,103
5D73E08B,4,2,100
619B5433,4,2,98
619B5433,4,2,99
619B5433,4,2,100
619B5433,4,2,108
619B5433,4,2,149
619B5433,4,2,140
619B5433,4,2,115
619B5433,4,2,109
619B5433,4,2,103
619B5433,4,2,157
619B5433,4,2,101
619B5433,4,2,148
619B5433,4,2,126
619B5433,4,2,153
619B5433,4,2,111
619B5433,4,2,158
619B5433,4,2,114
619B5433,4,2,91
619B5433,4,2,97
619B5433,4,2,107
619B5433,4,2,110
63116A24,1,2,153
63116A24,1,2,115
63116A24,1,2,118
63116A24,1,2,123
63116A24,1,2,157
63116A24,1,2,112
63116A24,1,2,143
63116A24,1,2,147
63116A24,1,2,125
63116A24,1,2,152
63116A24,1,2,155
63116A24,1,2,107
63116A24,1,2,101
63116A24,1,2,134
63116A24,1,2,151
63116A24,1,2,144
63116A24,1,2,141
63116A24,1,2,89
63116A24,1,2,145
63116A24,1,2,154
63116A24,1,2,142
63116A24,1,2,133
63116A24,1,2,114
63116A24,1,2,91
63116A24,1,2,136
63116A24,1,2,106
63116A24,1,2,160
63116A24,1,2,90
63116A24,1,2,131
63116A24,1,2,88
63116A24,1,2,156
63116A24,1,2,132
63116A24,1,2,97
63116A24,1,2,126
63116A24,1,2,116
63116A24,1,2,139
63116A24,1,2,98
63116A24,1,2,108
63116A24,1,2,92
63116A24,1,2,127
63116A24,1,2,119
63116A24,1,2,94
63116A24,1,2,93
63116A24,1,2,99
63116A24,1,2,158
63116A24,1,2,86
63116A24,1,2,140
63116A24,1,2,103
63116A24,1,2,104
63116A24,1,2,110
63116A24,1,2,150
63116A24,1,2,124
63116A24,1,2,100
63116A24,1,2,113
63116A24,1,2,149
63116A24,1,2,135
63116A24,1,2,109
63116A24,1,2,111
63116A24,1,2,117
63116A24,1,2,148
63116A24,1,2,102
63116A24,1,2,129
63116A24,1,2,120
63116A24,1,2,130
63116A24,1,2,159
63116A24,1,2,105
63116A24,1,2,121
63116A24,1,2,96
63116A24,1,2,87
63116A24,1,2,146
63116A24,3,2,153
63116A24,3,2,115
63116A24,3,2,118
63116A24,3,2,123
63116A24,3,2,157
63116A24,3,2,112
63116A24,3,2,143
63116A24,3,2,147
63116A24,3,2,125
63116A24,3,2,152
63116A24,3,2,155
63116A24,3,2,107
63116A24,3,2,101
63116A24,3,2,134
63116A24,3,2,151
63116A24,3,2,144
63116A24,3,2,141
63116A24,3,2,89
63116A24,3,2,145
63116A24,3,2,154
63116A24,3,2,142
63116A24,3,2,133
63116A24,3,2,114
63116A24,3,2,91
63116A24,3,2,136
63116A24,3,2,106
63116A24,3,2,160
63116A24,3,2,90
63116A24,3,2,131
63116A24,3,2,88
63116A24,3,2,156
63116A24,3,2,132
63116A24,3,2,97
63116A24,3,2,126
63116A24,3,2,116
63116A24,3,2,139
63116A24,3,2,98
63116A24,3,2,108
63116A24,3,2,92
63116A24,3,2,127
63116A24,3,2,119
63116A24,3,2,94
63116A24,3,2,93
63116A24,3,2,99
63116A24,3,2,158
63116A24,3,2,86
63116A24,3,2,140
63116A24,3,2,103
63116A24,3,2,104
63116A24,3,2,110
63116A24,3,2,150
63116A24,3,2,124
63116A24,3,2,100
63116A24,3,2,113
63116A24,3,2,149
63116A24,3,2,135
63116A24,3,2,109
63116A24,3,2,111
63116A24,3,2,117
63116A24,3,2,148
63116A24,3,2,102
63116A24,3,2,129
63116A24,3,2,120
63116A24,3,2,130
63116A24,3,2,159
63116A24,3,2,105
63116A24,3,2,121
63116A24,3,2,96
63116A24,3,2,87
63116A24,3,2,146
63116A24,4,2,153
63116A24,4,2,115
63116A24,4,2,118
63116A24,4,2,123
63116A24,4,2,157
63116A24,4,2,112
63116A24,4,2,143
63116A24,4,2,147
63116A24,4,2,125
63116A24,4,2,152
63116A24,4,2,155
63116A24,4,2,107
63116A24,4,2,101
63116A24,4,2,134
63116A24,4,2,151
63116A24,4,2,144
63116A24,4,2,141
63116A24,4,2,89
63116A24,4,2,145
63116A24,4,2,154
63116A24,4,2,142
63116A24,4,2,133
63116A24,4,2,114
63116A24,4,2,91
63116A24,4,2,136
63116A24,4,2,106
63116A24,4,2,160
63116A24,4,2,90
63116A24,4,2,131
63116A24,4,2,88
63116A24,4,2,156
63116A24,4,2,132
63116A24,4,2,97
63116A24,4,2,126
63116A24,4,2,116
63116A24,4,2,139
63116A24,4,2,98
63116A24,4,2,108
63116A24,4,2,92
63116A24,4,2,127
63116A24,4,2,119
63116A24,4,2,94
63116A24,4,2,93
63116A24,4,2,99
63116A24,4,2,158
63116A24,4,2,86
63116A24,4,2,140
63116A24,4,2,103
63116A24,4,2,104
63116A24,4,2,110
63116A24,4,2,150
63116A24,4,2,124
63116A24,4,2,100
63116A24,4,2,113
63116A24,4,2,149
63116A24,4,2,135
63116A24,4,2,109
63116A24,4,2,111
63116A24,4,2,117
63116A24,4,2,148
63116A24,4,2,102
63116A24,4,2,129
63116A24,4,2,120
63116A24,4,2,130
63116A24,4,2,159
63116A24,4,2,105
63116A24,4,2,121
63116A24,4,2,96
63116A24,4,2,87
63116A24,4,2,146
673B031F,1,2,142
673B031F,1,2,158
673B031F,1,2,88
673B031F,1,2,152
673B031F,1,2,156
673B031F,1,2,86
673B031F,1,2,150
673B031F,1,2,154
673B031F,1,2,141
673B031F,1,2,140
673B031F,1,2,100
673B031F,1,2,101
673B031F,1,2,119
673B031F,1,2,151
673B031F,1,2,157
673B031F,1,2,111
673B031F,1,2,133
673B031F,1,2,94
673B031F,1,2,87
673B031F,1,2,91
673B031F,1,2,132
673B031F,1,2,123
673B031F,1,2,148
673B031F,1,2,155
673B031F,1,2,104
673B031F,1,2,144
673B031F,3,2,142
673B031F,3,2,158
673B031F,3,2,88
673B031F,3,2,152
673B031F,3,2,156
673B031F,3,2,86
673B031F,3,2,150
673B031F,3,2,154
673B031F,3,2,141
673B031F,3,2,140
673B031F,3,2,100
673B031F,3,2,101
673B031F,3,2,119
673B031F,3,2,151
673B031F,3,2,157
673B031F,3,2,111
673B031F,3,2,133
673B031F,3,2,94
673B031F,3,2,87
673B031F,3,2,91
673B031F,3,2,132
673B031F,3,2,123
673B031F,3,2,148
673B031F,3,2,155
673B031F,3,2,104
673B031F,3,2,144
67657F86,4,2,150
67657F86,4,2,113
67657F86,4,2,133
67657F86,4,2,123
67657F86,4,2,104
67657F86,4,2,99
67657F86,4,2,132
67657F86,4,2,114
67657F86,4,2,134
67657F86,4,2,156
67657F86,4,2,137
67657F86,4,2,97
67657F86,4,2,149
67657F86,4,2,107
67657F86,4,2,151
67657F86,4,2,158
67657F86,4,2,147
67657F86,4,2,87
67657F86,4,2,142
67657F86,4,2,91
67657F86,4,2,118
67657F86,4,2,100
67657F86,4,2,102
67657F86,4,2,129
67657F86,4,2,92
67657F86,4,2,93
67657F86,4,2,111
67657F86,4,2,144
67657F86,4,2,120
67657F86,4,2,116
67657F86,4,2,126
67657F86,4,2,101
67657F86,4,2,94
67657F86,4,2,88
67657F86,4,2,145
67657F86,4,2,136
67657F86,4,2,121
67657F86,4,2,155
67657F86,4,2,124
67657F86,4,2,148
67657F86,4,2,119
67657F86,4,2,140
67657F86,4,2,90
67657F86,4,2,112
67657F86,4,2,103
67657F86,4,2,115
67657F86,4,2,98
68151142,1,2,114
68151142,1,2,151
68151142,1,2,133
68151142,1,2,132
68151142,1,2,104
68151142,1,2,98
68151142,1,2,129
68151142,1,2,152
68151142,1,2,141
68151142,1,2,158
68151142,1,2,91
68151142,1,2,119
68151142,1,2,157
68151142,1,2,110
68151142,1,2,160
68151142,1,2,94
68151142,1,2,137
68151142,1,2,144
68151142,1,2,127
68151142,1,2,148
68151142,1,2,102
68151142,1,2,143
68151142,1,2,86
68151142,1,2,88
68151142,1,2,150
68151142,1,2,97
68151142,1,2,93
68151142,1,2,126
68151142,1,2,140
68151142,1,2,136
68151142,1,2,135
68151142,1,2,121
68151142,1,2,95
68151142,1,2,146
68151142,1,2,103
68151142,1,2,156
68151142,1,2,100
68151142,1,2,111
68151142,1,2,99
68151142,1,2,87
68151142,1,2,153
68151142,1,2,142
68151142,1,2,96
68151142,1,2,131
68151142,1,2,149
68151142,1,2,115
68151142,1,2,107
68151142,1,2,139
68151142,1,2,155
68151142,1,2,101
68151142,1,2,109
68151142,1,2,134
68151142,1,2,90
68151142,1,2,105
68151142,1,2,108
68151142,1,2,145
68151142,1,2,154
68151142,4,2,114
68151142,4,2,151
68151142,4,2,133
68151142,4,2,132
68151142,4,2,104
68151142,4,2,98
68151142,4,2,129
68151142,4,2,152
68151142,4,2,141
68151142,4,2,158
68151142,4,2,91
68151142,4,2,119
68151142,4,2,157
68151142,4,2,110
68151142,4,2,160
68151142,4,2,94
68151142,4,2,137
68151142,4,2,144
68151142,4,2,127
68151142,4,2,148
68151142,4,2,102
68151142,4,2,143
68151142,4,2,86
68151142,4,2,88
68151142,4,2,150
68151142,4,2,97
68151142,4,2,93
68151142,4,2,126
68151142,4,2,140
68151142,4,2,136
68151142,4,2,135
68151142,4,2,121
68151142,4,2,95
68151142,4,2,146
68151142,4,2,103
68151142,4,2,156
68151142,4,2,100
68151142,4,2,111
68151142,4,2,99
68151142,4,2,87
68151142,4,2,153
68151142,4,2,142
68151142,4,2,96
68151142,4,2,131
68151142,4,2,149
68151142,4,2,115
68151142,4,2,107
68151142,4,2,139
68151142,4,2,155
68151142,4,2,101
68151142,4,2,109
68151142,4,2,134
68151142,4,2,90
68151142,4,2,105
68151142,4,2,108
68151142,4,2,145
68151142,4,2,154
68FA8B73,1,2,100
68FA8B73,1,2,142
68FA8B73,1,2,116
68FA8B73,1,2,146
68FA8B73,1,2,144
68FA8B73,1,2,156
68FA8B73,1,2,134
68FA8B73,1,2,130
68FA8B73,1,2,139
68FA8B73,1,2,155
68FA8B73,1,2,104
68FA8B73,1,2,147
68FA8B73,1,2,153
68FA8B73,1,2,131
68FA8B73,1,2,127
68FA8B73,1,2,88
68FA8B73,1,2,121
68FA8B73,1,2,151
68FA8B73,1,2,133
68FA8B73,1,2,141
68FA8B73,1,2,140
68FA8B73,1,2,123
68FA8B73,1,2,107
68FA8B73,1,2,150
68FA8B73,1,2,124
68FA8B73,1,2,135
68FA8B73,1,2,148
68FA8B73,1,2,109
68FA8B73,1,2,129
68FA8B73,1,2,157
68FA8B73,1,2,90
68FA8B73,1,2,101
68FA8B73,1,2,154
68FA8B73,1,2,114
68FA8B73,1,2,132
68FA8B73,1,2,126
68FA8B73,1,2,145
68FA8B73,1,2,111
68FA8B73,1,2,149
68FA8B73,1,2,103
68FA8B73,1,2,136
68FA8B73,1,2,158
68FA8B73,1,2,152
68FA8B73,1,2,89
68FA8B73,1,2,106
68FA8B73,1,2,128
68FA8B73,1,2,105
68FA8B73,1,2,118
68FA8B73,1,2,87
68FA8B73,1,2,117
68FA8B73,1,2,110
68FA8B73,1,2,160
68FA8B73,1,2,95
68FA8B73,1,2,125
68FA8B73,1,2,119
68FA8B73,1,2,94
68FA8B73,1,2,91
68FA8B73,1,2,102
68FA8B73,1,2,115
68FA8B73,3,2,100
68FA8B73,3,2,142
68FA8B73,3,2,116
68FA8B73,3,2,146
68FA8B73,3,2,144
68FA8B73,3,2,156
68FA8B73,3,2,134
68FA8B73,3,2,130
68FA8B73,3,2,139
68FA8B73,3,2,155
68FA8B73,3,2,104
68FA8B73,3,2,147
68FA8B73,3,2,153
68FA8B73,3,2,131
68FA8B73,3,2,127
68FA8B73,3,2,88
68FA8B73,3,2,121
68FA8B73,3,2,151
68FA8B73,3,2,133
68FA8B73,3,2,141
68FA8B73,3,2,140
68FA8B73,3,2,123
68FA8B73,3,2,107
68FA8B73,3,2,150
68FA8B73,3,2,124
68FA8B73,3,2,135
68FA8B73,3,2,148
68FA8B73,3,2,109
68FA8B73,3,2,129
68FA8B73,3,2,157
68FA8B73,3,2,90
68FA8B73,3,2,101
68FA8B73,3,2,154
68FA8B73,3,2,114
68FA8B73,3,2,132
68FA8B73,3,2,126
68FA8B73,3,2,145
68FA8B73,3,2,111
68FA8B73,3,2,149
68FA8B73,3,2,103
68FA8B73,3,2,136
68FA8B73,3,2,158
68FA8B73,3,2,152
68FA8B73,3,2,89
68FA8B73,3,2,106
68FA8B73,3,2,128
68FA8B73,3,2,105
68FA8B73,3,2,118
68FA8B73,3,2,87
68FA8B73,3,2,117
68FA8B73,3,2,110
68FA8B73,3,2,160
68FA8B73,3,2,95
68FA8B73,3,2,125
68FA8B73,3,2,119
68FA8B73,3,2,94
68FA8B73,3,2,91
68FA8B73,3,2,102
68FA8B73,3,2,115
69DEEC46,1,2,98
69DEEC46,1,2,87
69DEEC46,1,2,151
69DEEC46,1,2,111
69DEEC46,1,2,135
69DEEC46,1,2,144
69DEEC46,1,2,148
69DEEC46,1,2,149
69DEEC46,1,2,154
69DEEC46,1,2,99
69DEEC46,1,2,97
69DEEC46,1,2,156
69DEEC46,1,2,112
69DEEC46,1,2,113
69DEEC46,1,2,152
69DEEC46,1,2,86
69DEEC46,1,2,142
69DEEC46,1,2,110
69DEEC46,1,2,119
69DEEC46,1,2,107
69DEEC46,1,2,139
69DEEC46,1,2,157
69DEEC46,1,2,129
69DEEC46,1,2,133
69DEEC46,1,2,100
69DEEC46,1,2,88
69DEEC46,1,2,91
69DEEC46,1,2,120
69DEEC46,1,2,140
69DEEC46,1,2,155
69DEEC46,1,2,101
69DEEC46,1,2,90
69DEEC46,1,2,108
69DEEC46,1,2,126
69DEEC46,1,2,123
6A197CF,2,2,88
6A197CF,2,2,110
6A197CF,2,2,157
6A197CF,2,2,97
6A197CF,2,2,129
6A197CF,2,2,150
6A197CF,2,2,98
6A197CF,2,2,104
6A197CF,2,2,108
6A197CF,2,2,114
6A197CF,2,2,101
6A197CF,2,2,99
6A197CF,2,2,126
6A197CF,2,2,87
6A197CF,2,2,100
6A197CF,2,2,132
6A197CF,2,2,133
6A197CF,2,2,119
6A197CF,2,2,118
6A197CF,2,2,92
6A197CF,2,2,141
6A197CF,2,2,155
6A197CF,2,2,111
6A197CF,2,2,124
6BA5CF35,2,2,86
6BA5CF35,2,2,100
6BA5CF35,2,2,156
6BA5CF35,2,2,157
6BA5CF35,2,2,98
6BA5CF35,2,2,110
6BA5CF35,2,2,148
6BA5CF35,2,2,145
6BA5CF35,2,2,114
6BA5CF35,2,2,90
6BA5CF35,2,2,101
6BA5CF35,2,2,141
6BA5CF35,2,2,99
6BA5CF35,2,2,92
6BA5CF35,2,2,120
6BA5CF35,2,2,131
6BA5CF35,2,2,96
6BA5CF35,2,2,88
6BA5CF35,2,2,133
6BA5CF35,2,2,87
6BA5CF35,2,2,95
6BA5CF35,2,2,142
6BA5CF35,2,2,108
6BA5CF35,2,2,126
6BA5CF35,2,2,143
6BA5CF35,2,2,116
6BA5CF35,2,2,93
6BA5CF35,2,2,144
6BA5CF35,2,2,91
6BA5CF35,2,2,111
6BA5CF35,2,2,115
6BA5CF35,2,2,158
6BA5CF35,2,2,97
6BA5CF35,2,2,103
6BA5CF35,2,2,109
6BA5CF35,2,2,140
6BA5CF35,2,2,107
6BA5CF35,2,2,104
6BA5CF35,2,2,135
6BA5CF35,2,2,153
6BA5CF35,2,2,139
6BA5CF35,2,2,127
6BA5CF35,2,2,146
6BA5CF35,2,2,132
6BA5CF35,2,2,121
6BA5CF35,2,2,152
6BA5CF35,2,2,106
6BA5CF35,2,2,134
6BA5CF35,2,2,149
6BA5CF35,2,2,129
6BA5CF35,2,2,102
70F93A3B,1,2,114
70F93A3B,1,2,100
70F93A3B,1,2,91
70F93A3B,1,2,158
70F93A3B,1,2,98
70F93A3B,1,2,87
70F93A3B,1,2,140
70F93A3B,1,2,113
70F93A3B,1,2,99
70F93A3B,1,2,94
70F93A3B,1,2,108
70F93A3B,1,2,97
70F93A3B,1,2,103
70F93A3B,1,2,111
70F93A3B,1,2,101
70F93A3B,1,2,148
70F93A3B,1,2,107
70F93A3B,2,2,114
70F93A3B,2,2,100
70F93A3B,2,2,91
70F93A3B,2,2,158
70F93A3B,2,2,98
70F93A3B,2,2,87
70F93A3B,2,2,140
70F93A3B,2,2,113
70F93A3B,2,2,99
70F93A3B,2,2,94
70F93A3B,2,2,108
70F93A3B,2,2,97
70F93A3B,2,2,103
70F93A3B,2,2,111
70F93A3B,2,2,101
70F93A3B,2,2,148
70F93A3B,2,2,107
71F3C736,2,2,150
71F3C736,2,2,102
71F3C736,2,2,103
71F3C736,2,2,88
71F3C736,2,2,135
71F3C736,2,2,100
71F3C736,2,2,134
71F3C736,2,2,104
71F3C736,2,2,157
71F3C736,2,2,90
71F3C736,2,2,147
71F3C736,2,2,121
71F3C736,2,2,119
71F3C736,2,2,146
71F3C736,2,2,115
71F3C736,2,2,151
71F3C736,2,2,132
71F3C736,2,2,145
71F3C736,2,2,118
71F3C736,2,2,114
71F3C736,2,2,148
71F3C736,2,2,111
71F3C736,2,2,89
71F3C736,2,2,126
71F3C736,2,2,156
71F3C736,2,2,140
71F3C736,2,2,136
71F3C736,2,2,92
71F3C736,2,2,94
71F3C736,2,2,113
71F3C736,2,2,99
71F3C736,2,2,105
71F3C736,2,2,133
71F3C736,2,2,149
71F3C736,2,2,154
71F3C736,2,2,96
71F3C736,2,2,108
71F3C736,2,2,97
71F3C736,2,2,109
71F3C736,2,2,144
71F3C736,2,2,152
71F3C736,2,2,127
71F3C736,2,2,153
71F3C736,2,2,124
71F3C736,2,2,107
71F3C736,2,2,155
71F3C736,2,2,129
71F3C736,2,2,98
71F3C736,2,2,87
71F3C736,2,2,120
71F3C736,2,2,101
71F3C736,2,2,158
71F3C736,2,2,123
71F3C736,2,2,142
71F3C736,2,2,93
71F3C736,2,2,143
71F3C736,2,2,131
71F3C736,2,2,141
71F3C736,2,2,110
71F3C736,2,2,91
71F3C736,4,2,150
71F3C736,4,2,102
71F3C736,4,2,103
71F3C736,4,2,88
71F3C736,4,2,135
71F3C736,4,2,100
71F3C736,4,2,134
71F3C736,4,2,104
71F3C736,4,2,157
71F3C736,4,2,90
71F3C736,4,2,147
71F3C736,4,2,121
71F3C736,4,2,119
71F3C736,4,2,146
71F3C736,4,2,115
71F3C736,4,2,151
71F3C736,4,2,132
71F3C736,4,2,145
71F3C736,4,2,118
71F3C736,4,2,114
71F3C736,4,2,148
71F3C736,4,2,111
71F3C736,4,2,89
71F3C736,4,2,126
71F3C736,4,2,156
71F3C736,4,2,140
71F3C736,4,2,136
71F3C736,4,2,92
71F3C736,4,2,94
71F3C736,4,2,113
71F3C736,4,2,99
71F3C736,4,2,105
71F3C736,4,2,133
71F3C736,4,2,149
71F3C736,4,2,154
71F3C736,4,2,96
71F3C736,4,2,108
71F3C736,4,2,97
71F3C736,4,2,109
71F3C736,4,2,144
71F3C736,4,2,152
71F3C736,4,2,127
71F3C736,4,2,153
71F3C736,4,2,124
71F3C736,4,2,107
71F3C736,4,2,155
71F3C736,4,2,129
71F3C736,4,2,98
71F3C736,4,2,87
71F3C736,4,2,120
71F3C736,4,2,101
71F3C736,4,2,158
71F3C736,4,2,123
71F3C736,4,2,142
71F3C736,4,2,93
71F3C736,4,2,143
71F3C736,4,2,131
71F3C736,4,2,141
71F3C736,4,2,110
71F3C736,4,2,91
74E3795C,1,2,144
74E3795C,1,2,101
74E3795C,1,2,155
74E3795C,1,2,148
74E3795C,1,2,111
74E3795C,1,2,136
74E3795C,1,2,97
74E3795C,1,2,98
74E3795C,1,2,143
74E3795C,1,2,140
74E3795C,1,2,108
74E3795C,1,2,100
74E3795C,1,2,132
74E3795C,1,2,86
74E3795C,1,2,131
74E3795C,1,2,142
74E3795C,1,2,149
74E3795C,1,2,133
74E3795C,2,2,144
74E3795C,2,2,101
74E3795C,2,2,155
74E3795C,2,2,148
74E3795C,2,2,111
74E3795C,2,2,136
74E3795C,2,2,97
74E3795C,2,2,98
74E3795C,2,2,143
74E3795C,2,2,140
74E3795C,2,2,108
74E3795C,2,2,100
74E3795C,2,2,132
74E3795C,2,2,86
74E3795C,2,2,131
74E3795C,2,2,142
74E3795C,2,2,149
74E3795C,2,2,133
74E3795C,3,2,144
74E3795C,3,2,101
74E3795C,3,2,155
74E3795C,3,2,148
74E3795C,3,2,111
74E3795C,3,2,136
74E3795C,3,2,97
74E3795C,3,2,98
74E3795C,3,2,143
74E3795C,3,2,140
74E3795C,3,2,108
74E3795C,3,2,100
74E3795C,3,2,132
74E3795C,3,2,86
74E3795C,3,2,131
74E3795C,3,2,142
74E3795C,3,2,149
74E3795C,3,2,133
77089DA4,1,2,123
77089DA4,1,2,97
77089DA4,1,2,100
77089DA4,1,2,155
77089DA4,1,2,128
77089DA4,1,2,154
77089DA4,1,2,156
77089DA4,1,2,158
77A35CA,3,2,155
77A35CA,3,2,134
77A35CA,3,2,148
77A35CA,3,2,147
77A35CA,3,2,99
77A35CA,3,2,102
77A35CA,3,2,132
77A35CA,3,2,88
77A35CA,3,2,108
77A35CA,3,2,98
77A35CA,3,2,157
77A35CA,3,2,156
77A35CA,3,2,90
77A35CA,3,2,144
77A35CA,3,2,86
77A35CA,3,2,89
77A35CA,3,2,149
77A35CA,3,2,146
77A35CA,3,2,100
77A35CA,3,2,145
77A35CA,3,2,107
77A35CA,3,2,91
77A35CA,3,2,137
77A35CA,3,2,92
77A35CA,3,2,97
77A35CA,3,2,135
77A35CA,3,2,110
77A35CA,3,2,151
77A35CA,3,2,94
77A35CA,3,2,109
77A35CA,3,2,143
77A35CA,3,2,101
77A35CA,3,2,95
77A35CA,3,2,142
77A35CA,3,2,158
77A35CA,3,2,140
77A35CA,3,2,133
77A35CA,3,2,87
77A35CA,3,2,139
77A35CA,3,2,150
79CBE190,2,2,136
79CBE190,2,2,100
79CBE190,2,2,145
79CBE190,2,2,107
79CBE190,2,2,118
79CBE190,2,2,129
79CBE190,2,2,119
79CBE190,2,2,150
79CBE190,2,2,144
79CBE190,2,2,154
79CBE190,2,2,109
79CBE190,2,2,106
79CBE190,2,2,88
79CBE190,2,2,89
79CBE190,2,2,140
79CBE190,2,2,94
79CBE190,2,2,101
79CBE190,2,2,147
79CBE190,2,2,151
79CBE190,2,2,131
79CBE190,2,2,132
79CBE190,2,2,121
79CBE190,2,2,133
79CBE190,2,2,142
79CBE190,2,2,124
79CBE190,2,2,155
79CBE190,2,2,158
79CBE190,2,2,134
79CBE190,2,2,126
79CBE190,2,2,103
79CBE190,2,2,148
79CBE190,2,2,143
79CBE190,2,2,108
79CBE190,2,2,152
79CBE190,2,2,123
79CBE190,2,2,111
79CBE190,2,2,135
79CBE190,2,2,127
79CBE190,2,2,153
79CBE190,4,2,136
79CBE190,4,2,100
79CBE190,4,2,145
79CBE190,4,2,107
79CBE190,4,2,118
79CBE190,4,2,129
79CBE190,4,2,119
79CBE190,4,2,150
79CBE190,4,2,144
79CBE190,4,2,154
79CBE190,4,2,109
79CBE190,4,2,106
79CBE190,4,2,88
79CBE190,4,2,89
79CBE190,4,2,140
79CBE190,4,2,94
79CBE190,4,2,101
79CBE190,4,2,147
79CBE190,4,2,151
79CBE190,4,2,131
79CBE190,4,2,132
79CBE190,4,2,121
79CBE190,4,2,133
79CBE190,4,2,142
79CBE190,4,2,124
79CBE190,4,2,155
79CBE190,4,2,158
79CBE190,4,2,134
79CBE190,4,2,126
79CBE190,4,2,103
79CBE190,4,2,148
79CBE190,4,2,143
79CBE190,4,2,108
79CBE190,4,2,152
79CBE190,4,2,123
79CBE190,4,2,111
79CBE190,4,2,135
79CBE190,4,2,127
79CBE190,4,2,153
7BCB919D,1,2,137
7BCB919D,1,2,123
7BCB919D,1,2,145
7BCB919D,1,2,92
7BCB919D,1,2,136
7BCB919D,1,2,121
7BCB919D,1,2,126
7BCB919D,1,2,128
7BCB919D,1,2,127
7BCB919D,1,2,112
7BCB919D,1,2,88
7BCB919D,1,2,150
7BCB919D,1,2,117
7BCB919D,1,2,142
7BCB919D,1,2,118
7BCB919D,1,2,104
7BCB919D,1,2,101
7BCB919D,1,2,103
7BCB919D,1,2,131
7BCB919D,1,2,115
7BCB919D,1,2,147
7BCB919D,1,2,139
7BCB919D,1,2,129
7BCB919D,1,2,154
7BCB919D,1,2,120
7BCB919D,1,2,113
7BCB919D,1,2,97
7BCB919D,1,2,110
7BCB919D,1,2,114
7BCB919D,1,2,111
7BCB919D,1,2,141
7BCB919D,1,2,146
7BCB919D,1,2,157
7BCB919D,1,2,132
7BCB919D,1,2,119
7BCB919D,1,2,99
7BCB919D,1,2,152
7BCB919D,1,2,130
7BCB919D,1,2,155
7BCB919D,1,2,94
7BCB919D,1,2,105
7BCB919D,1,2,100
7BCB919D,1,2,93
7BCB919D,1,2,149
7BCB919D,1,2,153
7BCB919D,1,2,90
7BCB919D,1,2,144
7BCB919D,1,2,156
7BCB919D,1,2,134
7BCB919D,1,2,133
7BCB919D,1,2,148
7BCB919D,1,2,91
7BCB919D,1,2,102
7BCB919D,1,2,86
7BCB919D,1,2,124
7BCB919D,1,2,151
7BCB919D,1,2,140
7BCB919D,1,2,116
7BCB919D,1,2,135
7BCB919D,1,2,109
7BCB919D,1,2,87
7BCB919D,1,2,107
7BCB919D,1,2,98
7BCB919D,1,2,158
7BCB919D,1,2,143
7BCB919D,1,2,89
7BCB919D,1,2,108
7BCB919D,4,2,137
7BCB919D,4,2,123
7BCB919D,4,2,145
7BCB919D,4,2,92
7BCB919D,4,2,136
7BCB919D,4,2,121
7BCB919D,4,2,126
7BCB919D,4,2,128
7BCB919D,4,2,127
7BCB919D,4,2,112
7BCB919D,4,2,88
7BCB919D,4,2,150
7BCB919D,4,2,117
7BCB919D,4,2,142
7BCB919D,4,2,118
7BCB919D,4,2,104
7BCB919D,4,2,101
7BCB919D,4,2,103
7BCB919D,4,2,131
7BCB919D,4,2,115
7BCB919D,4,2,147
7BCB919D,4,2,139
7BCB919D,4,2,129
7BCB919D,4,2,154
7BCB919D,4,2,120
7BCB919D,4,2,113
7BCB919D,4,2,97
7BCB919D,4,2,110
7BCB919D,4,2,114
7BCB919D,4,2,111
7BCB919D,4,2,141
7BCB919D,4,2,146
7BCB919D,4,2,157
7BCB919D,4,2,132
7BCB919D,4,2,119
7BCB919D,4,2,99
7BCB919D,4,2,152
7BCB919D,4,2,130
7BCB919D,4,2,155
7BCB919D,4,2,94
7BCB919D,4,2,105
7BCB919D,4,2,100
7BCB919D,4,2,93
7BCB919D,4,2,149
7BCB919D,4,2,153
7BCB919D,4,2,90
7BCB919D,4,2,144
7BCB919D,4,2,156
7BCB919D,4,2,134
7BCB919D,4,2,133
7BCB919D,4,2,148
7BCB919D,4,2,91
7BCB919D,4,2,102
7BCB919D,4,2,86
7BCB919D,4,2,124
7BCB919D,4,2,151
7BCB919D,4,2,140
7BCB919D,4,2,116
7BCB919D,4,2,135
7BCB919D,4,2,109
7BCB919D,4,2,87
7BCB919D,4,2,107
7BCB919D,4,2,98
7BCB919D,4,2,158
7BCB919D,4,2,143
7BCB919D,4,2,89
7BCB919D,4,2,108
7BF33A4A,2,2,133
7BF33A4A,2,2,134
7BF33A4A,2,2,90
7BF33A4A,2,2,142
7BF33A4A,2,2,96
7BF33A4A,2,2,104
7BF33A4A,2,2,126
7BF33A4A,2,2,137
7BF33A4A,2,2,123
7BF33A4A,2,2,111
7BF33A4A,2,2,106
7BF33A4A,2,2,155
7BF33A4A,2,2,140
7BF33A4A,2,2,87
7BF33A4A,2,2,144
7BF33A4A,2,2,86
7BF33A4A,2,2,143
7BF33A4A,2,2,100
7BF33A4A,2,2,146
7BF33A4A,2,2,119
7BF33A4A,2,2,148
7BF33A4A,2,2,101
7BF33A4A,2,2,108
7BF33A4A,2,2,135
7BF33A4A,4,2,133
7BF33A4A,4,2,134
7BF33A4A,4,2,90
7BF33A4A,4,2,142
7BF33A4A,4,2,96
7BF33A4A,4,2,104
7BF33A4A,4,2,126
7BF33A4A,4,2,137
7BF33A4A,4,2,123
7BF33A4A,4,2,111
7BF33A4A,4,2,106
7BF33A4A,4,2,155
7BF33A4A,4,2,140
7BF33A4A,4,2,87
7BF33A4A,4,2,144
7BF33A4A,4,2,86
7BF33A4A,4,2,143
7BF33A4A,4,2,100
7BF33A4A,4,2,146
7BF33A4A,4,2,119
7BF33A4A,4,2,148
7BF33A4A,4,2,101
7BF33A4A,4,2,108
7BF33A4A,4,2,135
7C52AF6D,1,2,126
7C52AF6D,1,2,113
7C52AF6D,1,2,140
7C52AF6D,1,2,137
7C52AF6D,1,2,156
7C52AF6D,1,2,143
7C52AF6D,1,2,86
7C52AF6D,1,2,139
7C52AF6D,1,2,157
7C52AF6D,1,2,111
7C52AF6D,1,2,100
7C52AF6D,1,2,142
7C52AF6D,1,2,141
7C52AF6D,1,2,136
7C52AF6D,1,2,88
7C52AF6D,1,2,155
7C52AF6D,1,2,152
7C52AF6D,1,2,101
7C52AF6D,1,2,149
7C52AF6D,1,2,102
7C52AF6D,1,2,91
7C52AF6D,1,2,92
7C52AF6D,1,2,151
7C52AF6D,1,2,87
7C52AF6D,1,2,90
7C52AF6D,1,2,158
7C52AF6D,1,2,112
7C52AF6D,1,2,144
7C52AF6D,1,2,123
7C52AF6D,1,2,121
7C52AF6D,1,2,148
7C52AF6D,1,2,145
7C52AF6D,1,2,135
7C52AF6D,2,2,126
7C52AF6D,2,2,113
7C52AF6D,2,2,140
7C52AF6D,2,2,137
7C52AF6D,2,2,156
7C52AF6D,2,2,143
7C52AF6D,2,2,86
7C52AF6D,2,2,139
7C52AF6D,2,2,157
7C52AF6D,2,2,111
7C52AF6D,2,2,100
7C52AF6D,2,2,142
7C52AF6D,2,2,141
7C52AF6D,2,2,136
7C52AF6D,2,2,88
7C52AF6D,2,2,155
7C52AF6D,2,2,152
7C52AF6D,2,2,101
7C52AF6D,2,2,149
7C52AF6D,2,2,102
7C52AF6D,2,2,91
7C52AF6D,2,2,92
7C52AF6D,2,2,151
7C52AF6D,2,2,87
7C52AF6D,2,2,90
7C52AF6D,2,2,158
7C52AF6D,2,2,112
7C52AF6D,2,2,144
7C52AF6D,2,2,123
7C52AF6D,2,2,121
7C52AF6D,2,2,148
7C52AF6D,2,2,145
7C52AF6D,2,2,135
7C52AF6D,3,2,126
7C52AF6D,3,2,113
7C52AF6D,3,2,140
7C52AF6D,3,2,137
7C52AF6D,3,2,156
7C52AF6D,3,2,143
7C52AF6D,3,2,86
7C52AF6D,3,2,139
7C52AF6D,3,2,157
7C52AF6D,3,2,111
7C52AF6D,3,2,100
7C52AF6D,3,2,142
7C52AF6D,3,2,141
7C52AF6D,3,2,136
7C52AF6D,3,2,88
7C52AF6D,3,2,155
7C52AF6D,3,2,152
7C52AF6D,3,2,101
7C52AF6D,3,2,149
7C52AF6D,3,2,102
7C52AF6D,3,2,91
7C52AF6D,3,2,92
7C52AF6D,3,2,151
7C52AF6D,3,2,87
7C52AF6D,3,2,90
7C52AF6D,3,2,158
7C52AF6D,3,2,112
7C52AF6D,3,2,144
7C52AF6D,3,2,123
7C52AF6D,3,2,121
7C52AF6D,3,2,148
7C52AF6D,3,2,145
7C52AF6D,3,2,135
7C52AF6D,4,2,126
7C52AF6D,4,2,113
7C52AF6D,4,2,140
7C52AF6D,4,2,137
7C52AF6D,4,2,156
7C52AF6D,4,2,143
7C52AF6D,4,2,86
7C52AF6D,4,2,139
7C52AF6D,4,2,157
7C52AF6D,4,2,111
7C52AF6D,4,2,100
7C52AF6D,4,2,142
7C52AF6D,4,2,141
7C52AF6D,4,2,136
7C52AF6D,4,2,88
7C52AF6D,4,2,155
7C52AF6D,4,2,152
7C52AF6D,4,2,101
7C52AF6D,4,2,149
7C52AF6D,4,2,102
7C52AF6D,4,2,91
7C52AF6D,4,2,92
7C52AF6D,4,2,151
7C52AF6D,4,2,87
7C52AF6D,4,2,90
7C52AF6D,4,2,158
7C52AF6D,4,2,112
7C52AF6D,4,2,144
7C52AF6D,4,2,123
7C52AF6D,4,2,121
7C52AF6D,4,2,148
7C52AF6D,4,2,145
7C52AF6D,4,2,135
7DCD514D,1,2,136
7DCD514D,1,2,103
7DCD514D,1,2,102
7DCD514D,1,2,147
7DCD514D,1,2,111
7DCD514D,1,2,142
7DCD514D,1,2,152
7DCD514D,1,2,149
7DCD514D,1,2,110
7DCD514D,1,2,133
7DCD514D,1,2,146
7DCD514D,1,2,98
7DCD514D,1,2,129
7DCD514D,1,2,109
7DCD514D,1,2,116
7DCD514D,1,2,135
7DCD514D,1,2,140
7DCD514D,1,2,131
7DCD514D,1,2,123
7DCD514D,1,2,132
7DCD514D,1,2,121
7DCD514D,1,2,150
7DCD514D,1,2,105
7DCD514D,1,2,157
7DCD514D,1,2,88
7DCD514D,1,2,97
7DCD514D,1,2,151
7DCD514D,1,2,118
7DCD514D,1,2,143
7DCD514D,1,2,148
7DCD514D,1,2,93
7DCD514D,1,2,137
7DCD514D,1,2,87
7DCD514D,1,2,91
7DCD514D,1,2,155
7DCD514D,1,2,86
7DCD514D,1,2,99
7DCD514D,1,2,158
7DCD514D,1,2,90
7DCD514D,1,2,141
7DCD514D,1,2,100
7DCD514D,1,2,89
7DCD514D,1,2,114
7DCD514D,1,2,92
7DCD514D,1,2,156
7DCD514D,1,2,144
7DCD514D,1,2,134
7DCD514D,1,2,145
7DCD514D,1,2,120
7DCD514D,1,2,101
7DCD514D,1,2,119
7DCD514D,1,2,108
7DCD514D,1,2,126
7DCD514D,1,2,153
7DCD514D,1,2,139
7DCD514D,1,2,154
7DCD514D,1,2,104
7DCD514D,3,2,136
7DCD514D,3,2,103
7DCD514D,3,2,102
7DCD514D,3,2,147
7DCD514D,3,2,111
7DCD514D,3,2,142
7DCD514D,3,2,152
7DCD514D,3,2,149
7DCD514D,3,2,110
7DCD514D,3,2,133
7DCD514D,3,2,146
7DCD514D,3,2,98
7DCD514D,3,2,129
7DCD514D,3,2,109
7DCD514D,3,2,116
7DCD514D,3,2,135
7DCD514D,3,2,140
7DCD514D,3,2,131
7DCD514D,3,2,123
7DCD514D,3,2,132
7DCD514D,3,2,121
7DCD514D,3,2,150
7DCD514D,3,2,105
7DCD514D,3,2,157
7DCD514D,3,2,88
7DCD514D,3,2,97
7DCD514D,3,2,151
7DCD514D,3,2,118
7DCD514D,3,2,143
7DCD514D,3,2,148
7DCD514D,3,2,93
7DCD514D,3,2,137
7DCD514D,3,2,87
7DCD514D,3,2,91
7DCD514D,3,2,155
7DCD514D,3,2,86
7DCD514D,3,2,99
7DCD514D,3,2,158
7DCD514D,3,2,90
7DCD514D,3,2,141
7DCD514D,3,2,100
7DCD514D,3,2,89
7DCD514D,3,2,114
7DCD514D,3,2,92
7DCD514D,3,2,156
7DCD514D,3,2,144
7DCD514D,3,2,134
7DCD514D,3,2,145
7DCD514D,3,2,120
7DCD514D,3,2,101
7DCD514D,3,2,119
7DCD514D,3,2,108
7DCD514D,3,2,126
7DCD514D,3,2,153
7DCD514D,3,2,139
7DCD514D,3,2,154
7DCD514D,3,2,104
ADBC154,2,2,99
ADBC154,2,2,101
ADBC154,2,2,113
ADBC154,2,2,149
ADBC154,2,2,129
ADBC154,2,2,88
ADBC154,2,2,100
ADBC154,2,2,137
ADBC154,2,2,111
ADBC154,2,2,158
ADBC154,2,2,90
ADBC154,2,2,155
ADBC154,2,2,107
ADBC154,2,2,98
ADBC154,2,2,148
ADBC154,2,2,126
ADBC154,2,2,114
ADBC154,2,2,142
B5D2F64,1,2,87
B5D2F64,1,2,108
B5D2F64,1,2,140
B5D2F64,1,2,142
B5D2F64,1,2,148
E3A19A,3,2,111
E3A19A,3,2,86
E3A19A,3,2,143
E3A19A,3,2,88
E3A19A,3,2,97
E3A19A,3,2,145
E3A19A,3,2,96
E3A19A,3,2,140
E3A19A,3,2,151
E3A19A,3,2,133
E3A19A,3,2,98
E3A19A,3,2,103
E3A19A,3,2,108
E3A19A,3,2,149
E3A19A,3,2,106
E3A19A,3,2,104
E3A19A,3,2,148
E3A19A,3,2,155
E3A19A,3,2,101
E3A19A,3,2,92
E3A19A,3,2,132
E3A19A,3,2,128
E3A19A,3,2,141
E3A19A,3,2,150
E3A19A,3,2,87
E3A19A,3,2,154
E3A19A,3,2,144
E3A19A,3,2,129
E3A19A,3,2,142
E3A19A,3,2,100
E3A19A,3,2,102
E3A19A,3,2,91
E3A19A,4,2,111
E3A19A,4,2,86
E3A19A,4,2,143
E3A19A,4,2,88
E3A19A,4,2,97
E3A19A,4,2,145
E3A19A,4,2,96
E3A19A,4,2,140
E3A19A,4,2,151
E3A19A,4,2,133
E3A19A,4,2,98
E3A19A,4,2,103
E3A19A,4,2,108
E3A19A,4,2,149
E3A19A,4,2,106
E3A19A,4,2,104
E3A19A,4,2,148
E3A19A,4,2,155
E3A19A,4,2,101
E3A19A,4,2,92
E3A19A,4,2,132
E3A19A,4,2,128
E3A19A,4,2,141
E3A19A,4,2,150
E3A19A,4,2,87
E3A19A,4,2,154
E3A19A,4,2,144
E3A19A,4,2,129
E3A19A,4,2,142
E3A19A,4,2,100
E3A19A,4,2,102
E3A19A,4,2,91
F952D04,3,2,133
F952D04,3,2,155
F952D04,3,2,142
F952D04,3,2,88
F952D04,3,2,150
F952D04,3,2,89
F952D04,3,2,98
F952D04,3,2,135
F952D04,3,2,118
F952D04,3,2,129
F952D04,3,2,112
F952D04,3,2,92
F952D04,3,2,140
F952D04,3,2,103
F952D04,3,2,97
F952D04,3,2,86
F952D04,3,2,152
F952D04,3,2,125
F952D04,3,2,126
F952D04,3,2,109
F952D04,3,2,124
F952D04,3,2,87
F952D04,3,2,101
F952D04,3,2,117
F952D04,3,2,134
F952D04,3,2,153
F952D04,3,2,158
F952D04,3,2,128
F952D04,3,2,120
F952D04,3,2,149
F952D04,3,2,108
F952D04,3,2,123
F952D04,3,2,90
F952D04,3,2,102
F952D04,3,2,151
F952D04,3,2,91
F952D04,3,2,136
F952D04,3,2,110
F952D04,3,2,119
F952D04,3,2,157
F952D04,3,2,154
F952D04,3,2,100
F952D04,3,2,114
F952D04,3,2,156
F952D04,3,2,94
F952D04,3,2,113
F952D04,3,2,106
F952D04,3,2,121
F952D04,3,2,139
F952D04,3,2,116
F952D04,3,2,148
F952D04,3,2,145
F952D04,3,2,131
F952D04,3,2,111
F952D04,3,2,132
F952D04,3,2,107
F952D04,3,2,143
F952D04,3,2,104
F952D04,3,2,130
